Traceback (most recent call last):
  File "/home/praanto/Projects/jax-ambilight/backend/./serial_controller.py", line 16, in <module>
    to_write = input()
               ^^^^^^^
OSError: [Errno 9] Bad file descriptor
Traceback (most recent call last):
  File "/home/praanto/Projects/jax-ambilight/backend/./serial_controller.py", line 16, in <module>
    to_write = input()
               ^^^^^^^
OSError: [Errno 9] Bad file descriptor
waiting for acknowledgement
045045044038038038035035035030030030038037037032032032031031031031031031045045044056056056038037037030030030031031031031031031 sending another frame 0.6973342895507812
waiting for acknowledgement
045045044038038038035035035030030030037037036032032032031031031031031031045045044056056056037037036030030030031031031031031031 sending another frame 0.1423497200012207
waiting for acknowledgement
045045044038038038035035035030030030037037036032032032031031031031031031045045044056056056037037036030030030031031031031031031 sending another frame 0.05487680435180664
waiting for acknowledgement
045045044038038038035035035030030030037037036032032032031031031031031031045045044056056056037037036030030030031031031031031031 sending another frame 0.10692739486694336
waiting for acknowledgement
045045044038038038035035035030030030038037037032032032031031031031031031045045044056056056038037037030030030031031031031031031 sending another frame 0.13290166854858398
waiting for acknowledgement
045045044038038038035035035030030030038037037032032032031031031031031031045045044056056056038037037030030030031031031031031031 sending another frame 0.13293218612670898
waiting for acknowledgement
045045044038038038035035035030030030038037037032032032031031031031031031045045044056056056038037037030030030031031031031031031 sending another frame 0.13297152519226074
waiting for acknowledgement
045045044038038038035035035030030030038037037032032032031031031031031031045045044056056056038037037030030030031031031031031031 sending another frame 0.13281822204589844
waiting for acknowledgement
045045044038038038035035035030030030038037037032032032031031031031031031045045044056056056038037037030030030031031031031031031 sending another frame 0.13288640975952148
waiting for acknowledgement
045045044038038038035035035030030030037037036032032032031031031031031031045045044056056056037037036030030030031031031031031031 sending another frame 0.13280439376831055
waiting for acknowledgement
045045044038038038035035035030030030037037036032032032031031031031031031045045044056056056037037036030030030031031031031031031 sending another frame 0.13284921646118164
waiting for acknowledgement
045045044038038038035035035030030030037037036032032032031031031031031031045045044056056056037037036030030030031031031031031031 sending another frame 0.13303518295288086
waiting for acknowledgement
045045044038038038035035035030030030037037036032032032031031031031031031045045044056056056037037036030030030031031031031031031 sending another frame 0.13292574882507324
waiting for acknowledgement
045045044038038038035035035030030030038037037032032032031031031031031031045045044056056056038037037030030030031031031031031031 sending another frame 0.13278746604919434
waiting for acknowledgement
045045044038038038035035035030030030038037037032032032031031031031031031045045044056056056038037037030030030031031031031031031 sending another frame 0.1329178810119629
waiting for acknowledgement
045045044038038038035035035030030030038037037032032032031031031031031031045045044056056056038037037030030030031031031031031031 sending another frame 0.13277435302734375
waiting for acknowledgement
045045044038038038035035035030030030038037037032032032031031031031031031045045044056056056038037037030030030031031031031031031 sending another frame 0.1330127716064453
waiting for acknowledgement
045045044038038038035035035030030030038037037032032032031031031031031031045045044056056056038037037030030030031031031031031031 sending another frame 0.1328282356262207
waiting for acknowledgement
045045044038038038035035035030030030037037036032032032031031031031031031045045044056056056037037036030030030031031031031031031 sending another frame 0.13292670249938965
waiting for acknowledgement
045045044038038038035035035030030030037037036032032032031031031031031031045045044056056056037037036030030030031031031031031031 sending another frame 0.13290691375732422
waiting for acknowledgement
045045044038038038035035035030030030037037036032032032031031031031031031045045044056056056037037036030030030031031031031031031 sending another frame 0.13283371925354004
waiting for acknowledgement
045045044038038038035035035030030030037037036032032032031031031031031031045045044056056056037037036030030030031031031031031031 sending another frame 0.13295817375183105
waiting for acknowledgement
045045044038038038035035035030030030038037037032032032031031031031031031045045044056056056038037037030030030031031031031031031 sending another frame 0.13293862342834473
waiting for acknowledgement
045045044038038038035035035030030030038037037032032032031031031031031031045045044056056056038037037030030030031031031031031031 sending another frame 0.1328115463256836
waiting for acknowledgement
045045044038038038035035035030030030038037037032032032031031031031031031045045044056056056038037037030030030031031031031031031 sending another frame 0.1328258514404297
waiting for acknowledgement
045045044038038038035035035030030030038037037032032032031031031031031031045045044056056056038037037030030030031031031031031031 sending another frame 0.13292312622070312
waiting for acknowledgement
045045044038038038035035035030030030038037037032032032031031031031031031045045044056056056038037037030030030031031031031031031 sending another frame 0.13289165496826172
waiting for acknowledgement
045045044038038038035035035030030030037037037032032032031031031031031031045045044056056056037037037030030030031031031031031031 sending another frame 0.1327967643737793
waiting for acknowledgement
045045044038038038035035035030030030037037037032032032031031031031031031045045044056056056037037037030030030031031031031031031 sending another frame 0.13299894332885742
waiting for acknowledgement
045045044038038038035035035030030030037037037032032032031031031031031031045045044056056056037037037030030030031031031031031031 sending another frame 0.132951021194458
waiting for acknowledgement
045045044038038038035035035030030030037037037032032032031031031031031031045045044056056056037037037030030030031031031031031031 sending another frame 0.1327836513519287
waiting for acknowledgement
045045044038038038035035035030030030037037036032032032031031031031031031045045044056056056037037036030030030031031031031031031 sending another frame 0.13295578956604004
waiting for acknowledgement
045045044038038038035035035030030030037037036032032032031031031031031031045045044056056056037037036030030030031031031031031031 sending another frame 0.1329021453857422
waiting for acknowledgement
045045044038038038035035035030030030037037036032032032031031031031031031045045044056056056037037036030030030031031031031031031 sending another frame 0.13275790214538574
waiting for acknowledgement
045045044038038038035035035030030030037037037032032032031031031031031031045045044056056056037037037030030030031031031031031031 sending another frame 0.1328895092010498
waiting for acknowledgement
184183181180180177182179175185184179246242240247247248252250250254253253184183181252252252246242240185184179253253253254253253 sending another frame 0.1328725814819336
waiting for acknowledgement
184183181180180177182179175185184179246242240247247248252250250254253253184183181252252252246242240185184179253253253254253253 sending another frame 0.13299345970153809
waiting for acknowledgement
184183181180180177182179175185184179246242240247247248252250250254253253184183181252252252246242240185184179253253253254253253 sending another frame 0.1328737735748291
waiting for acknowledgement
184183181180180177182179175185184179246242240247247248252250250254253253184183181252252252246242240185184179253253253254253253 sending another frame 0.13282561302185059
waiting for acknowledgement
184183181180180177182179175185184179246242240247247248252250250254253253184183181252252252246242240185184179253253253254253253 sending another frame 0.1328132152557373
waiting for acknowledgement
184183181180180177182179175185184179246242240247247248252250250254253253184183181252252252246242240185184179253253253254253253 sending another frame 0.13293933868408203
waiting for acknowledgement
184183181180180177182179175185184179246242240247247248252250250254253253184183181252252252246242240185184179253253253254253253 sending another frame 0.13286256790161133
waiting for acknowledgement
184183181180180177182179175185184179246242240247247248252250250254253253184183181252252252246242240185184179253253253254253253 sending another frame 0.1327376365661621
waiting for acknowledgement
184183181180180177182179175185184179246242240247247248252250250254253253184183181252252252246242240185184179253253253254253253 sending another frame 0.1328878402709961
waiting for acknowledgement
184183181180180177182179175185184179246242240247247248252250250254253253184183181252252252246242240185184179253253253254253253 sending another frame 0.13298368453979492
waiting for acknowledgement
184183181180180177182179175185184179246242240247247248252250250254253253184183181252252252246242240185184179253253253254253253 sending another frame 0.13290119171142578
waiting for acknowledgement
045045044038038038035035035030030030037037037032032032031031031031031031045045044056056056037037037030030030031031031031031031 sending another frame 0.1327958106994629
waiting for acknowledgement
045045044038038038035035035030030030037037037032032032031031031031031031045045044056056056037037037030030030031031031031031031 sending another frame 0.13300752639770508
waiting for acknowledgement
045045044038038038035035035030030030037037037032032032031031031031031031045045044056056056037037037030030030031031031031031031 sending another frame 0.1327822208404541
waiting for acknowledgement
045045044038038038035035035030030030037037037032032032031031031031031031045045044056056056037037037030030030031031031031031031 sending another frame 0.1329958438873291
waiting for acknowledgement
045045044038038038035035035030030030037037037032032032031031031031031031045045044056056056037037037030030030031031031031031031 sending another frame 0.13284587860107422
waiting for acknowledgement
184183181180180177182179175185184179246242240247247248252250250254253253184183181252252252246242240185184179253253253254253253 sending another frame 0.13283133506774902
waiting for acknowledgement
184183181180180177182179175185184179246242240247247248252250250254253253184183181252252252246242240185184179253253253254253253 sending another frame 0.13301539421081543
waiting for acknowledgement
184183181180180177182179175185184179246242240247247248252250250254253253184183181252252252246242240185184179253253253254253253 sending another frame 0.13274168968200684
waiting for acknowledgement
184183181180180177182179175185184179246242240247247248252250250254253253184183181252252252246242240185184179253253253254253253 sending another frame 0.13292694091796875
waiting for acknowledgement
184183181180180177182179175185184179246242240247247248252250250254253253184183181252252252246242240185184179253253253254253253 sending another frame 0.13283395767211914
waiting for acknowledgement
184183181180180177182179175185184179246242240247247248252250250254253253184183181252252252246242240185184179253253253254253253 sending another frame 0.13299965858459473
waiting for acknowledgement
184183181180180177182179175185184179246242240247247248252250250254253253184183181252252252246242240185184179253253253254253253 sending another frame 0.13282155990600586
waiting for acknowledgement
184183181180180177182179175185184179246242240247247248252250250254253253184183181252252252246242240185184179253253253254253253 sending another frame 0.13284850120544434
waiting for acknowledgement
044044043036036036033033033029029029037037036032032032031031031031031031044044043056056056037037036029029029031031031031031031 sending another frame 0.13300347328186035
waiting for acknowledgement
045045044038038038035035035030030030037037037032032032031031031031031031045045044056056056037037037030030030031031031031031031 sending another frame 0.13276243209838867
waiting for acknowledgement
045045044038038038035035035030030030037037037032032032031031031031031031045045044056056056037037037030030030031031031031031031 sending another frame 0.1329331398010254
waiting for acknowledgement
045045044038038038035035035030030030037037037032032032031031031031031031045045044056056056037037037030030030031031031031031031 sending another frame 0.13296890258789062
waiting for acknowledgement
045045044038038038035035035030030030037037037032032032031031031031031031045045044056056056037037037030030030031031031031031031 sending another frame 0.132857084274292
waiting for acknowledgement
045045044038038038035035035030030030037037036032032032031031031031031031045045044056056056037037036030030030031031031031031031 sending another frame 0.1327500343322754
waiting for acknowledgement
045045044038038038035035035030030030037037036032032032031031031031031031045045044056056056037037036030030030031031031031031031 sending another frame 0.1329057216644287
waiting for acknowledgement
045045044038038038035035035030030030037037036032032032031031031031031031045045044056056056037037036030030030031031031031031031 sending another frame 0.13294577598571777
waiting for acknowledgement
045045044038038038035035035030030030037037036032032032031031031031031031045045044056056056037037036030030030031031031031031031 sending another frame 0.13277649879455566
waiting for acknowledgement
045045044038038038035035035030030030037037037032032032031031031031031031045045044056056056037037037030030030031031031031031031 sending another frame 0.13296961784362793
waiting for acknowledgement
184184182181180178182180176186184181246242240247247248252250250254253253184184182252252252246242240186184181253253253254253253 sending another frame 0.13295888900756836
waiting for acknowledgement
184183181180180177182179175185184179246242240247247248252250250254253253184183181252252252246242240185184179253253253254253253 sending another frame 0.13282036781311035
waiting for acknowledgement
184183181180180177182179175185184179246242240247247248252250250254253253184183181252252252246242240185184179253253253254253253 sending another frame 0.13292312622070312
waiting for acknowledgement
184183181180180177182179175185184179246242240247247248252250250254253253184183181252252252246242240185184179253253253254253253 sending another frame 0.13289189338684082
waiting for acknowledgement
184183181180180177182179175185184179246242240247247248252250250254253253184183181252252252246242240185184179253253253254253253 sending another frame 0.13291025161743164
waiting for acknowledgement
184183181180180177182179175185184179246242240247247248252250250254253253184183181252252252246242240185184179253253253254253253 sending another frame 0.1329944133758545
waiting for acknowledgement
045045044038038038035035035030030030037037037032032032031031031031031031045045044056056056037037037030030030031031031031031031 sending another frame 0.13275837898254395
waiting for acknowledgement
045045044038038038035035035030030030037037037032032032031031031031031031045045044056056056037037037030030030031031031031031031 sending another frame 0.133026123046875
waiting for acknowledgement
045045044038038038035035035030030030037037037032032032031031031031031031045045044056056056037037037030030030031031031031031031 sending another frame 0.13288569450378418
waiting for acknowledgement
045045044038038038035035035030030030037037037032032032031031031031031031045045044056056056037037037030030030031031031031031031 sending another frame 0.13286042213439941
waiting for acknowledgement
045045044038038038035035035030030030037037037032032032031031031031031031045045044056056056037037037030030030031031031031031031 sending another frame 0.13280773162841797
waiting for acknowledgement
045045044038038038035035035030030030037037036032032032031031031031031031045045044056056056037037036030030030031031031031031031 sending another frame 0.1327509880065918
waiting for acknowledgement
045045044038038038035035035030030030037037036032032032031031031031031031045045044056056056037037036030030030031031031031031031 sending another frame 0.13299918174743652
waiting for acknowledgement
045045044038038038035035035030030030037037036032032032031031031031031031045045044056056056037037036030030030031031031031031031 sending another frame 0.13277626037597656
waiting for acknowledgement
045045044038038038035035035030030030037037036032032032031031031031031031045045044056056056037037036030030030031031031031031031 sending another frame 0.13290977478027344
waiting for acknowledgement
045045044038038038035035035030030030037037037032032032031031031031031031045045044056056056037037037030030030031031031031031031 sending another frame 0.1328585147857666
waiting for acknowledgement
045045044038038038035035035030030030037037037032032032031031031031031031045045044056056056037037037030030030031031031031031031 sending another frame 0.13280773162841797
waiting for acknowledgement
045045044038038038035035035030030030037037037032032032031031031031031031045045044056056056037037037030030030031031031031031031 sending another frame 0.132889986038208
waiting for acknowledgement
184184181181181178183180176186184180246242240247247248252250250254253253184184181252252252246242240186184180253253253254253253 sending another frame 0.1328740119934082
waiting for acknowledgement
185185183183182180185182178187185181246242240247247248252250250254253253185185183252252252246242240187185181253253253254253253 sending another frame 0.13292384147644043
waiting for acknowledgement
184184181181181178183180176186184180246242240247247248252250250254253253184184181252252252246242240186184180253253253254253253 sending another frame 0.13285088539123535
waiting for acknowledgement
184183181180180177182179175185184179246242240247247248252250250254253253184183181252252252246242240185184179253253253254253253 sending another frame 0.13288593292236328
waiting for acknowledgement
184183181180180177182179175185184179246242240247247248252250250254253253184183181252252252246242240185184179253253253254253253 sending another frame 0.1329185962677002
waiting for acknowledgement
184183181180180177182179175185184179246242240247247248252250250254253253184183181252252252246242240185184179253253253254253253 sending another frame 0.13287091255187988
waiting for acknowledgement
134133133147147147140140139154153154244244246248248249253253253237237241134133133250250250243244246154153153228230239237237241 sending another frame 0.13289308547973633
waiting for acknowledgement
134133133147147147140140139154153154244244246248248249253253253237237241134133133250250250243244246154153153228230239237237241 sending another frame 0.13301825523376465
waiting for acknowledgement
134133133147147147140140139154153154244244246248248249253253253237237241134133133250250250243244246154153153228230239237237241 sending another frame 0.13278913497924805
waiting for acknowledgement
134133133147147147140140139154153154244244246248248249253253253237237241134133133250250250243244246154153153228230239237237241 sending another frame 0.13289666175842285
waiting for acknowledgement
134133133147147147140140139154153154244244246248248249253253253237237241134133133250250250243244246154153153228230239237237241 sending another frame 0.13280439376831055
waiting for acknowledgement
134133133148147148141140139154153154244244246248248249253253253237237241134133133250250250243244246154153154228230239237237241 sending another frame 0.13292145729064941
waiting for acknowledgement
134133133147147147140140139154153154244244246248248249253253253237237241134133133250250250243244246154153153228230239237237241 sending another frame 0.13289260864257812
waiting for acknowledgement
134133133147147147140140139154153154244244246248248249253253253237237241134133133250250250243244246154153153228230239237237241 sending another frame 0.13301515579223633
waiting for acknowledgement
134133133147147147140140139154153154244244246248248249253253253237237241134133133250250250243244246154153153228230239237237241 sending another frame 0.13277769088745117
waiting for acknowledgement
134133133147147147140140139154153154244244246248248249253253253237237241134133133250250250243244246154153153228230239237237241 sending another frame 0.1329021453857422
waiting for acknowledgement
061057041062057041062057040061057040067062044067062044067062044067062044061057041067062044067062044061057040067062044067062044 sending another frame 0.13307881355285645
waiting for acknowledgement
022020016074072067112110104049048042005005005117117117162162162064064064022020016002002002005005005049048042059059059064064064 sending another frame 0.13265275955200195
waiting for acknowledgement
054050038062058042061057041052049037005005005117117117162162162064064064054050038010009007005005005052049037058057055064064064 sending another frame 0.1328580379486084
waiting for acknowledgement
054051039064060044062057041052049037005005005117117117162162162064064064054051039010009007005005005052049037058058056064064064 sending another frame 0.13304996490478516
waiting for acknowledgement
054051039064059043062057041052049037005005005117117117162162162064064064054051039010009007005005005052049037058057055064064064 sending another frame 0.13275671005249023
waiting for acknowledgement
054051039064059043062057041052049037005005005117117117162162162064064064054051039010009007005005005052049037058057055064064064 sending another frame 0.1328721046447754
waiting for acknowledgement
019018014070068063108106101047045040005005005117117117162162162064064064019018014002002002005005005047045040059059059064064064 sending another frame 0.13282060623168945
waiting for acknowledgement
013012009072071067115114110045044040011010009113112111154153152065065063013012009002002002011010009045044040058058058066065064 sending another frame 0.13287901878356934
waiting for acknowledgement
013012009072071067115114110045044040011010009113112111154153152065065063013012009002002002011010009045044040058058058066065064 sending another frame 0.13301324844360352
waiting for acknowledgement
013012009072071067115114110045044040011010009113112111154153152065065063013012009002002002011010009045044040058058058066065064 sending another frame 0.13292813301086426
waiting for acknowledgement
013012009072071067115114110045044040011010009113112111154153152065065063013012009002002002011010009045044040058058058066065064 sending another frame 0.1327192783355713
waiting for acknowledgement
013012009072071067115114110045044040011010009113112111154153152065065063013012009002002002011010009045044040058058058066065064 sending another frame 0.13301706314086914
waiting for acknowledgement
013012009072071067115114110045044040011010009113112111154153152065065063013012009002002002011010009045044040058058058066065064 sending another frame 0.13289356231689453
waiting for acknowledgement
013012009072071067115114110045044040011010009113112111154153152065065063013012009002002002011010009045044040058058058066065064 sending another frame 0.13282060623168945
waiting for acknowledgement
013012009072071067115114110045044040011010009113112111154153152065065063013012009002002002011010009045044040058058058066065064 sending another frame 0.13298583030700684
waiting for acknowledgement
013012009072071067115114110045044040011010009113112111154153152065065063013012009002002002011010009045044040058058058066065064 sending another frame 0.1328296661376953
waiting for acknowledgement
013012009072071067115114110045044040011010009113112111154153152065065063013012009002002002011010009045044040058058058066065064 sending another frame 0.13281798362731934
waiting for acknowledgement
013012009072071067115114110045044040011010009113112111154153152065065063013012009002002002011010009045044040058058058066065064 sending another frame 0.13291668891906738
waiting for acknowledgement
026025022028027024029028024032031027022022022028028028029029029027027027026025022023023023022022022032031027033033033027027027 sending another frame 0.13291645050048828
waiting for acknowledgement
026025022028027024029028024032031027022022022028028028029029029027027027026025022023023023022022022032031027033033033027027027 sending another frame 0.13282132148742676
waiting for acknowledgement
032032028040039035041039036040039035015015015015015015015015015015015015032032028021021021015015015040039035023023023015015015 sending another frame 0.13290929794311523
waiting for acknowledgement
032032028040039035041039036040039035015015015015015015015015015015015015032032028021021021015015015040039035023023023015015015 sending another frame 0.13287878036499023
waiting for acknowledgement
032032028040039035041040036041040036018018018019019019019019019017017017032032028032032032018018018041040036044044044017017017 sending another frame 0.13287782669067383
waiting for acknowledgement
057056041066061053060058054041048042042040042058066073061066070056050045057056041047050049042040042041048042077076077056050046 sending another frame 0.13281726837158203
waiting for acknowledgement
057056041066061054060058054041048042043041042058066073061066070056050045057056041047051049043041042041048042077076077056050046 sending another frame 0.13289785385131836
waiting for acknowledgement
057056041067061054060058054041048042043041042058066073061066070056050045057056041047051049043041042041048042077076077056050046 sending another frame 0.1329941749572754
waiting for acknowledgement
058057043066061053061058055041048043043041043058066073062066070056050046058057043048051050043041043041048043078076077056050046 sending another frame 0.13285040855407715
waiting for acknowledgement
058057043066061053061058055041048043043041043058066073062066070026026025058057043048051050043041043041048043078076077027026025 sending another frame 0.13285589218139648
waiting for acknowledgement
058057043066061054061058055041048043043041043058066073062066070048047044058057043048051050043041043041048043078076077048047044 sending another frame 0.13289666175842285
waiting for acknowledgement
058057043066061054061058055041048043043041043058066073062066070055054050058057043048052050043041043041048043078076077055054050 sending another frame 0.1328887939453125
waiting for acknowledgement
058058043066061053061058055041048043043041043058066073062066070043039036058058043048051050043041043041048043078076077043039036 sending another frame 0.13289308547973633
waiting for acknowledgement
064070069113124126098102099058057052034037037061068073052058060027030031064070069036035036034037037058058052045050048027030031 sending another frame 0.1328878402709961
waiting for acknowledgement
064070070113125127097100097058058053032033034056063067048053055026029030064070070036035036032033034058058053045049048026029030 sending another frame 0.13291311264038086
waiting for acknowledgement
065071070114125127092094090058058053030032033057064068048054057025026026065071070038037038030032033058058053044049048025026026 sending another frame 0.1328599452972412
waiting for acknowledgement
066072071111122124087088084058058053028028029056062067048053056025026027066072071041040042028028029058058053046050050025026027 sending another frame 0.13284587860107422
waiting for acknowledgement
066072071110121122080079075058058053034036037060068073050056060025026026066072071037034037034036037058058053049054055025027026 sending another frame 0.1329333782196045
waiting for acknowledgement
070075074114125126080078074061061056035037038059066070051057061027029030070075074037033035035037038061061056049054054027029030 sending another frame 0.13284516334533691
waiting for acknowledgement
125137143129143148082081081118122119066071074066073078061070075056063066125137143066059064066071074118122119080089089056062066 sending another frame 0.13289356231689453
waiting for acknowledgement
157174182135149156094093092140143139072075079066070074061070073066075081157174182075067074072075079140143139095106105066075080 sending another frame 0.13292598724365234
waiting for acknowledgement
158175182135149156094093092140143139072075079066070074061070073066075081158175182075067074071075079140143139095106105066075080 sending another frame 0.1328599452972412
waiting for acknowledgement
158175182135149156094093092140143139072075079066070074061070073066075081158175182075067074071075079140143139095106105066075080 sending another frame 0.13286900520324707
waiting for acknowledgement
158175182135149156094093092140143139072075079066070074061070073066075081158175182075067074071075079140143139095106105066075080 sending another frame 0.13289189338684082
waiting for acknowledgement
158175182135149156094093092140143139072075079066070074061070073066075081158175182075067074071075079140143139095106105066075080 sending another frame 0.13288450241088867
waiting for acknowledgement
158175182135149156094093092140143139072075079066070074061070073066075081158175182075067074071075079140143139095106105066075080 sending another frame 0.13288164138793945
waiting for acknowledgement
158175182135149156094093092140143139072075079066070074061070073066075081158175182075067074071075079140143139095106105066075080 sending another frame 0.1328442096710205
waiting for acknowledgement
158175182135149156094093092140143139072075079066070074061070073066075081158175182075067074071075079140143139095106105066075080 sending another frame 0.13286447525024414
waiting for acknowledgement
155171179123134141094092090139142138061062063074081087061069072067077082155171179071061067061062063139142138098109108067077082 sending another frame 0.1330127716064453
waiting for acknowledgement
149163173109114123097095093140141135065069071075081087056062063067076081149163173069059064065068071140141135104116115067076081 sending another frame 0.1328284740447998
waiting for acknowledgement
093109122107128141117140152103124139080093105093110121084100112080094108093109122109130145080093105103124139112134150080093107 sending another frame 0.1329820156097412
waiting for acknowledgement
095112138109129143114138150103124139098114129118138145086103119081095111095112138111131150098114129103124139111134150081095111 sending another frame 0.132765531539917
waiting for acknowledgement
008008008011010010008006007006005005010010009027028026027028026012013011008008008024024015010010009006005005025024016012013011 sending another frame 0.13292551040649414
waiting for acknowledgement
008008008011010010009007008007006006013013012029030027028030027016018016008008008026026017013013012007006006029028019016018016 sending another frame 0.13288474082946777
waiting for acknowledgement
009009009014014014010010010008007007015016014030031028029031028021023020009009009030030021015016014008007007034034024021023020 sending another frame 0.13286280632019043
waiting for acknowledgement
013014014031034032016017016009010009019020017031032029030032029027030026013014014057061051019020017009010009042044033027030026 sending another frame 0.13297677040100098
waiting for acknowledgement
035039038060066063024027025012013011023023020032033030031033030031035031035039038080088077023023020012013011050054042031035031 sending another frame 0.13285112380981445
waiting for acknowledgement
084095092094105099037042039015017015024025021033035031032034031035040036084095092093104093024025021015017015058063052035039035 sending another frame 0.1329350471496582
waiting for acknowledgement
139159155115128122054060057022026023025025021034035031033035031037042038139159155091101090025024021022026023064070061037042038 sending another frame 0.13287138938903809
waiting for acknowledgement
144165161114128122067074070038044043026025021035036032034037033035041038144165161089098087026025021038044043066075068035041038 sending another frame 0.1329329013824463
waiting for acknowledgement
145167163114128122068076071047055055027026022036037033036038034032037034145167163087096084027026022047055055062071065032037034 sending another frame 0.13282299041748047
waiting for acknowledgement
144166162115129123070078073051060059027026022037038034037040036033037034144166162085093082027026021051060059063073068033037034 sending another frame 0.13286638259887695
waiting for acknowledgement
144165162116130125072080075053062062028026021038039034038041038034038034144165162084091079028026021053062062064074069033038034 sending another frame 0.13287949562072754
waiting for acknowledgement
141161159119134129075082077052061060028027021038038032040043039034038034141161159079085073028026021052061060064073068034038034 sending another frame 0.13285517692565918
waiting for acknowledgement
127146144126143139078086080049056055029027022037037030040044040035038034127146144078084071029027022049056055065074068035038034 sending another frame 0.13289093971252441
waiting for acknowledgement
126145142129146141081089083048056054030028023038038032041045041036040036126145142078084071030028023048055054066074069036040036 sending another frame 0.13291358947753906
waiting for acknowledgement
127145142129146142080088082047054052030028023038037031041045041037042038127145142075080067030028023047054052065074067037041038 sending another frame 0.13292431831359863
waiting for acknowledgement
124142139135154150082090083047053051031029024037036030042045042040045042124142139073077065031029023047053051065073067040045042 sending another frame 0.13274192810058594
waiting for acknowledgement
124142139138158154083091084047053051031030024037036029042046042042048046124142139074079066031030024046053050065073067042048046 sending another frame 0.13294005393981934
waiting for acknowledgement
126144142140160157083091085046052050031030024037036029042046043045052050126144142075080068031030024046052050064072065045052050 sending another frame 0.13287830352783203
waiting for acknowledgement
127145143142163160081089083048054051032030024037035028042046042047055054127145143077083071032030024048054051063070063047055054 sending another frame 0.1328897476196289
waiting for acknowledgement
130148147145166163084092086050056053032030025037035028042046043048056055130148147083090079032030025050056053062069061048056055 sending another frame 0.13289141654968262
waiting for acknowledgement
135155154145167165083092086051056053033031025037035028042046043048056055135155154088097085033031025051056053061068060048056055 sending another frame 0.13291406631469727
waiting for acknowledgement
133152151148170168085094088052057054035033028037035028042046043049058057133152151095106095035033028052057054060066058049058057 sending another frame 0.13288354873657227
waiting for acknowledgement
132151150148171169086095089051057053036035029036035028042046042050059058132151150099111100036035029051057053059065056050059058 sending another frame 0.13288068771362305
waiting for acknowledgement
136156155149171169086095090051057053036035030037035028042046042051060060136156155104116106036035029051057053057062053051060059 sending another frame 0.1329355239868164
waiting for acknowledgement
137157157149172170087097091051057053037036030037035028042046042051061061137157157108121111037036030051057053055060050051061061 sending another frame 0.13280582427978516
waiting for acknowledgement
135155154150173171090101095051057053040039034037035029042046043052062062135155154115130121040039033051057053053058047052062062 sending another frame 0.13292169570922852
waiting for acknowledgement
136156155151174172089099094050056052040040034038037030043048044055065065136156155116131122040039034050056052053057047055065065 sending another frame 0.13299012184143066
waiting for acknowledgement
142163162164189187102114108057063058046045038046044036052057053065078077142163162115130121046045038057063059055059049065078077 sending another frame 0.13280153274536133
waiting for acknowledgement
065071076065071077061067074058064070054059064057064069060068073069078083065071076073077075054059064058064070067071068069078083 sending another frame 0.13277220726013184
waiting for acknowledgement
069079135074085140065075144061072144054064132058069135062072139072084145069079135073082136054064132061072144070078143072084145 sending another frame 0.13292860984802246
waiting for acknowledgement
014005018007004005007005005007005005029009052031022039028030029007007005014005018023007039029009052007005005007005005007007005 sending another frame 0.1329176425933838
waiting for acknowledgement
007004006007004005007005005007005005005004006022022022029031030007007005007004006005003006005004006007005005007005005007007005 sending another frame 0.13284635543823242
waiting for acknowledgement
006003006006003004006003004006003004005004006023023023030031030006006005006003006005003006005004006006003004007004005006006005 sending another frame 0.13300275802612305
waiting for acknowledgement
005003005006003004006003004006003004005004005024024023031033032006006005005003005005003005005004005006003004006004004006006005 sending another frame 0.1327061653137207
waiting for acknowledgement
004003004005003003006003004005003003005004005026026025035037036006006005004003004003003004005004005005003003006004004006006005 sending another frame 0.13296103477478027
waiting for acknowledgement
003003003003003003003003003003003003006005005027029026036038036005006005003003003003003003006005005003003003003003003005006005 sending another frame 0.13280534744262695
waiting for acknowledgement
003003003003003003003003003003003003006006005029030027035038036006006005003003003003003003006006005003003003003003003006006005 sending another frame 0.13291597366333008
waiting for acknowledgement
003003003003003003003003003003003003006006005029030027038040038006007006003003003003003003006006005003003003003003003006007006 sending another frame 0.13293695449829102
waiting for acknowledgement
003003003003003003003003003003003003007006005033034031042044042007007006003003003003003003007006005003003003003003003007007006 sending another frame 0.1329352855682373
waiting for acknowledgement
004004004003003003004004004003003003007007005036038035043046043007008006004004004003003003007007005003003003004004004007008006 sending another frame 0.13276410102844238
waiting for acknowledgement
003003003004004004005005005004004004008007006038040036044047044009009007003003003003003003008007006004004004005005005009009007 sending another frame 0.13286161422729492
waiting for acknowledgement
036024110035018084027009044011005014035026113058055115061056096027015046036024110036024110035026113011005014022009037027015046 sending another frame 0.13286685943603516
waiting for acknowledgement
090097134151165181154191203078146170083087130101108145094095145082085145090097134043052119083087130078146170063127160082085145 sending another frame 0.13293242454528809
waiting for acknowledgement
082088088133146146143183194075143160082086089100106108098099101086085086082088088039046047082086089075143160061123143086085086 sending another frame 0.13283324241638184
waiting for acknowledgement
077083081129142142137182194067125139081086089099106108101104106089089090077083081046054055081086089067125139060116136089089090 sending another frame 0.13288450241088867
waiting for acknowledgement
075081079132146146132180193057106118084090094100107110103109111090091093075081079048056058084090094057106118058109128090091093 sending another frame 0.13289856910705566
waiting for acknowledgement
095118179106148205104186230092203242086093145091103168105151201096180225095118179094105161086093145092203242102195236096180225 sending another frame 0.13299202919006348
waiting for acknowledgement
091107145106120153102112148088097141090093130093100141106121151090098136091107145097104139090093130088097141094103139090098136 sending another frame 0.13303709030151367
waiting for acknowledgement
134155165071080117166173171083089127075086105073084118074086129071085130134155165044066098075086105083089127049056121071085130 sending another frame 0.1326138973236084
waiting for acknowledgement
153174181069079077167172169088093090074084093073081089073081089072081088153174181043066069074084093088093090038047050072081088 sending another frame 0.1329178810119629
waiting for acknowledgement
169194202069081078167172167088093089073083092075082090074081089071081086169194202048066067073083092088093089039048050071081086 sending another frame 0.13308095932006836
waiting for acknowledgement
178202211076089087168172167085091087068079087071080087073080087070080085178202211062080081068079087085091087040048050070080085 sending another frame 0.13280582427978516
waiting for acknowledgement
181206215086100099167171166087094090069080087070079087072079085070080085181206215068084085069080087087094090039048049070080085 sending another frame 0.13276004791259766
waiting for acknowledgement
184208217094110109165169164091096092071082089072081089072079087070079085184208217071085085071082089091096092042051053070079085 sending another frame 0.1328883171081543
waiting for acknowledgement
185209218101118118163167162097102098074084092075083092073081088070079084185209218063073073074084092097102098043053056070079084 sending another frame 0.1327664852142334
waiting for acknowledgement
186210219113132133158162157109112107076087094077085094073080088070079083186210219054066065076087094109112107044055058070079083 sending another frame 0.13284802436828613
waiting for acknowledgement
186210219137157160147152146126126120080091099078086095072079086070078082186210219047064064080091099126126120048061064070078082 sending another frame 0.13323092460632324
waiting for acknowledgement
189214223156176180142146141137136128078090098077085094069076083068076079189214223054075076078090098137136128055070073068076079 sending another frame 0.1322333812713623
waiting for acknowledgement
190216226173193199137144139146144135055063066071079086063070075065073076190216226066083084055063066146144135061079081065073076 sending another frame 0.13289904594421387
waiting for acknowledgement
192217227180200206141148143153149139046052053060067071058064068061068072192217227074089090046052053153149139076093095061068072 sending another frame 0.132948637008667
waiting for acknowledgement
189215225182202208147154163159151150050058143056063139058065136060068133189215225077093159050058143159151150098115154060068133 sending another frame 0.13279199600219727
waiting for acknowledgement
118142154137164176118143157107129144101120132133158169117139152094111126118142154115139151101120132107129144105127142094111126 sending another frame 0.13286447525024414
waiting for acknowledgement
100136183105155206099188230157208241088093145092114169099144201110180226100136183070094160088093145157208241087195237110180226 sending another frame 0.13301992416381836
waiting for acknowledgement
104134140101120120095116112155184188085085084087091090094103102103116119104134140071090096085085084155184188080136140103116119 sending another frame 0.1328272819519043
waiting for acknowledgement
112143150108127130104123122158185189091091091091095094096106105103119121112143150080098105091091091158185189085138143103119121 sending another frame 0.13295865058898926
waiting for acknowledgement
105135141094116117098119117150178181086086085087091089091097095102116118105135141070089095086086085150177181081133138102116118 sending another frame 0.1329512596130371
waiting for acknowledgement
101130135092117117097119116145173176089088087088091089092096094103116117101130135070088094089088087145173176079132137103116117 sending another frame 0.1326584815979004
waiting for acknowledgement
105133139101126129105125123144171174094093092091093092094098096104118120105133139077095102094093092144171174080133138104118120 sending another frame 0.1329021453857422
waiting for acknowledgement
098125130097125127098122120148175179089089089086087085088092090102115117098125130070089096089089089148175178079130135102115117 sending another frame 0.13284039497375488
waiting for acknowledgement
097124128098128130097122120153180183090091092088091090091097096103118120097124128073093100091092093153179183082132137103117120 sending another frame 0.13288044929504395
waiting for acknowledgement
098125129102132135098123122154180184093098100094100100094102101104117119098125129076096103093098100154180184083132137104117119 sending another frame 0.13297176361083984
waiting for acknowledgement
076098099098132134095121120149176180093103106096105107095102102104118121076098099069088094093103106149176180079129133104118121 sending another frame 0.13294506072998047
waiting for acknowledgement
068085086099133136098123122145173176087095099094101103092099099104118121068085086064081086087095099145173176078127132105118121 sending another frame 0.1329357624053955
waiting for acknowledgement
065082083093124126102127126145173176085092098095101103092098097104118121065082083064080085085092098145173176078127131104118121 sending another frame 0.13273334503173828
waiting for acknowledgement
116138154127152166112137152102123146099118139102123147101123150117138165116138154107129145099118139102123146105127151117138165 sending another frame 0.13286352157592773
waiting for acknowledgement
117140156124149162109134149100122139100120137102125141096117134112132147117140156112134151100120137100122139099121138112132147 sending another frame 0.13295292854309082
waiting for acknowledgement
160173201096158207132193231180208242109124155113131173101150202101181226160173201081106163109124156180208242092195236101181226 sending another frame 0.13300323486328125
waiting for acknowledgement
156170176165185193080102122148168179102111121114130141092100107088097103156170176077097110102111121148168179077094105088098103 sending another frame 0.1329035758972168
waiting for acknowledgement
155171176170190197149172182065084102099109119109122132091101109083092098155171176081101113099109119065084102061074087083092098 sending another frame 0.13277769088745117
waiting for acknowledgement
155170176170190197182205212109129143100113124102114123084091098081089095155170176084101110100113124109129144072094108081089095 sending another frame 0.1328125
waiting for acknowledgement
155168176171189198183205214181203212097109120107122132081087093072077081155168176084102111097109120181203212076098113073077081 sending another frame 0.13289904594421387
waiting for acknowledgement
155168175171189198183205214181203213095107118108125135083091097067072076155168175085102112095107118181203213077096107067072077 sending another frame 0.13286471366882324
waiting for acknowledgement
154167174170188196183204214181203213097109119102118129088097104071078084154167174085102112097109119181203213078096106071078084 sending another frame 0.13295435905456543
waiting for acknowledgement
154167175170187196183204213181203212098109119102117128085094102074083089154167175085103113098109119181203212077094104074083089 sending another frame 0.13272571563720703
waiting for acknowledgement
155168176171189198183205214181203213095105116104119129081089095076085090155168176084101112095105116181203213079096105076085090 sending another frame 0.1331174373626709
waiting for acknowledgement
155168176170188197183204214181203213096106117102116126082089095069078083155168176085102113096106117181203213078096105069078083 sending another frame 0.13284087181091309
waiting for acknowledgement
155168176170188197183204214181203213095105115102115126082089095073081086155168176084102113095105115181203213079096105073081086 sending another frame 0.1328752040863037
waiting for acknowledgement
156169176170188197183204214181203213093102113102116126083090097070078083156169176083100111093103113181203213079097105070078083 sending another frame 0.13294529914855957
waiting for acknowledgement
155169176170188197183204214181204213097107117097109120080087092074083088155169176096114123097107117181204213079097105074083088 sending another frame 0.13282990455627441
waiting for acknowledgement
155169176170188197183205214181204213097108118100112124081087115077085115155169176100120132097108118181204213081099119077085115 sending another frame 0.13279056549072266
waiting for acknowledgement
035047053041055063084114131159191201084109130090113128115142154143174186035047053057074089085109130159191201077112123143174186 sending another frame 0.13289093971252441
waiting for acknowledgement
035045052035048053083112129166196206075095114089113129110137149138168180035045052053066079075095114166196206077111122138168180 sending another frame 0.13277029991149902
waiting for acknowledgement
033042048036048053082110125167197207073091108091114130112140154136166178033042048043053063073091108167197207077111122136166178 sending another frame 0.1330263614654541
waiting for acknowledgement
037043047036048054078105118171200211072086101090113129112139153132162174037043047037043048072086101171200211077111122132162174 sending another frame 0.13293695449829102
waiting for acknowledgement
037041045035045051070094105173202212067080092087108125107132147127158170037041045034038041067080093173202212077111122127158170 sending another frame 0.1327505111694336
waiting for acknowledgement
029035039040049053066089098172200210064080094084103117106130145126157169029035039033040045064080094172200210078111123126157169 sending another frame 0.13275694847106934
waiting for acknowledgement
124150168168195205139168187127153175117147168115132153129150160115134150124150168095113143117147168127153175097127154115134150 sending another frame 0.13311505317687988
waiting for acknowledgement
127151159167192201137167176122146160107128141125145153127148156113133141127151159085095103107128141122146160095124144113133141 sending another frame 0.13290715217590332
waiting for acknowledgement
147168177166186197142170180106128141095108117122140147126147154114133140147168177075086095095108116106128141094122142114133140 sending another frame 0.1326591968536377
waiting for acknowledgement
164184194101104128156180191122145161104118130061064088092101116114132139164184194098110125104118130122145161093122143114132139 sending another frame 0.13266921043395996
waiting for acknowledgement
049059066157188205114148169022027030045052056056036030058058065021032050049059066075088095045052056022027030026035046021032050 sending another frame 0.1331043243408203
waiting for acknowledgement
051062069160191206114147168022026030044051054055035030057058064021032048051062069071084091044050054022026030026035047021032048 sending another frame 0.13280200958251953
waiting for acknowledgement
053064072162193208116148169023027030043050054052034029057057063021032048053064072070083091043050054023027030026035048021032048 sending another frame 0.13279366493225098
waiting for acknowledgement
054066072162193206116148168023027032043050054052033029056056062022032048054066072070083090043050054023027032026036049022032048 sending another frame 0.13286519050598145
waiting for acknowledgement
055066072161192206115147168023028032043050054050032028055056062022032049055066072069081089043050054023028032026036048022032049 sending another frame 0.13299298286437988
waiting for acknowledgement
065079087129156174118149169024029033041048051045031028056056062022033049065079087067080086041048051024029033027036048022033049 sending another frame 0.13291573524475098
waiting for acknowledgement
157189202160190203097121141009010010053062068064083109037031032038030029157189202088108123053062068009010010065069083038030029 sending another frame 0.1329965591430664
waiting for acknowledgement
150182196154183198082101118008009009063077089059075096036027026043039040150182196103126142062077089008009009059065084043039040 sending another frame 0.13279509544372559
waiting for acknowledgement
147178193146176193069082094007009009066083101063077094036030030044042044147178193101124143066083101007009009054061080044042045 sending another frame 0.13285613059997559
waiting for acknowledgement
152185198135165184054064071007008008063081102067077090037029030045043045152185198090113137063081102007008008055062084045043045 sending another frame 0.13283157348632812
waiting for acknowledgement
152185198127158179047055060008008008064082102066073084039022017052049051152185198088111137064082102008008008049057077052049051 sending another frame 0.13292551040649414
waiting for acknowledgement
152185198122153176053054076012009016074088135069073112053035083061057080152185198099120162074087135012009016047046072061057080 sending another frame 0.1327226161956787
waiting for acknowledgement
045053086053077115073094140147174192133162179116128163080087137157189202045053086095112149133162179147174192138175190157189202 sending another frame 0.1331028938293457
waiting for acknowledgement
032048044042073069063083100144172177132161173110122142087092111148176186032048044096113140132161173144172177135170182148176186 sending another frame 0.13272953033447266
waiting for acknowledgement
031047042040070065058076096143171175132160172103115137095101119138162173031047042097113140132160172143171175131163174138162173 sending another frame 0.1329479217529297
waiting for acknowledgement
029045040040072067053070092144172177130159171091107134105111127131154165029045040098114141131159171144172176128159169131154165 sending another frame 0.13285207748413086
waiting for acknowledgement
029045040040072066052068092146174178131159171089107134109115129133158169029045040098114141131159171146174178128159170133157168 sending another frame 0.13280820846557617
waiting for acknowledgement
023040033060085106052068100156184189125152163103120140092099112130152163023040033110129153125152163156184189121151161130152163 sending another frame 0.13286352157592773
waiting for acknowledgement
025043036080104132055071095166192198120145155083102127108112122130153165025043036106125149120145155166192198117148157130153165 sending another frame 0.13281917572021484
waiting for acknowledgement
026045038084110134064081104161185192118142152082103129114117127126148160026045038104123147119142152161185192115146154126148159 sending another frame 0.1330552101135254
waiting for acknowledgement
026045038084107133070089111153175184118142152083105131115117129123144155026045038104123147118142152153175184115146153123144155 sending another frame 0.13270139694213867
waiting for acknowledgement
028047040082105136072090113154176184116138148073094122120120131122143154028047040102121145116138148154176184114146154122143154 sending another frame 0.13309597969055176
waiting for acknowledgement
030049042079101135069087109158181189114136146057077109119120131122142153030049042101121144114137146158181189115146155122142153 sending another frame 0.13285446166992188
waiting for acknowledgement
032052045086109142065080102167190199113134145054074105117118128122143153032052045098118141113135145167190198115147155122143153 sending another frame 0.1327669620513916
waiting for acknowledgement
032052045081104134063076101172196204112134143068089118107110121122142152032052045099118142112134144172196204115148156122142152 sending another frame 0.1327650547027588
waiting for acknowledgement
033053046088111138058071095174199207111133142064086115106109119121141151033053046097118140111133143174199207115148155121141150 sending another frame 0.13291597366333008
waiting for acknowledgement
034055048094117143056068091179204212110132142057077108109110120123143152034055048096117138110132142179204212115148156123143152 sending another frame 0.13292384147644043
waiting for acknowledgement
037057051107130155054066088183208215110133145041059092116115125126147155037057051095116137110133145183208215115149157126146155 sending another frame 0.13302302360534668
waiting for acknowledgement
074074071119132140199219229192216225019017013085075085180192203202224234074074071069081081019017013192216225187215226202224234 sending another frame 0.1327660083770752
waiting for acknowledgement
040039036083094098170193200152176183012010008045038046139157168166199209040039036040048048012010008152176183144176187166198209 sending another frame 0.13293790817260742
waiting for acknowledgement
040039035081092097171194202152176183012011008045038047139157168166198209040039035040048048012011008152176183144176188166198209 sending another frame 0.1327657699584961
waiting for acknowledgement
040039035081091096171194202152177183012011008045038047139157168166198209040039035040048048012011008152177183144176188166198209 sending another frame 0.1328716278076172
waiting for acknowledgement
040040036080091096171194201152177183012011009045038047139157168166198209040040036040048047012011009152177183144176187166198209 sending another frame 0.13290739059448242
waiting for acknowledgement
041040036080091095170193201152176183012011009043037044137155166166198209041040036040048048012011009152176183144176187166198209 sending another frame 0.13282227516174316
waiting for acknowledgement
041040036080091095169192200152176183012011009042035041137154165166198209041040036040048048012011009152176183143175186166198209 sending another frame 0.13297009468078613
waiting for acknowledgement
041040036080092096167190198152177183012012009042035042136153164165198209041040036040049049012012009152177183142174185165198209 sending another frame 0.13291716575622559
waiting for acknowledgement
041039035081092096165187196152177183012012009042035042135152164165198209041039035040049049012012009152177183141173184165198209 sending another frame 0.13289332389831543
waiting for acknowledgement
039037033082094097162184193152176183013012010042035042134151162165198209039037033041049050012012010152176183141172184165198209 sending another frame 0.1328883171081543
waiting for acknowledgement
038037033083095098162183192153177184013012010043036045136152163165198208038037033041049049013012010153177184140171183165198208 sending another frame 0.13286352157592773
waiting for acknowledgement
038037033084095098162183192153177184013013010043037045136152163165198208038037033040049049013013010153177184139171182165198208 sending another frame 0.13282275199890137
waiting for acknowledgement
120141146111138143065081085123150156074096101087113119106132139129158170120141146105132137074096101123150156062092099129158170 sending another frame 0.13291454315185547
waiting for acknowledgement
102121126107135140068085089120146152075097103087111117106132140131160172102121126098122128075097103120146152062092098131160172 sending another frame 0.1326897144317627
waiting for acknowledgement
095116120101130134071089094115141146077100106088112119106132139132161172095116120100124130077100107115141146062092098132161172 sending another frame 0.13283896446228027
waiting for acknowledgement
083104107095125129072094098109135141078100107091116122108133142134163174083104107084106111078100107109135141062092098134163174 sending another frame 0.13284659385681152
waiting for acknowledgement
082103106093124128069096100105132137078098105093118125109134142134163174082103106082100104078098105105132137063093099134163174 sending another frame 0.13301467895507812
waiting for acknowledgement
099118122087119122067099103104132137078101108094119126109134142134163173099118122092111116079101108104132137065094100134163173 sending another frame 0.13283491134643555
waiting for acknowledgement
091109114090120123064103105105133138082104111096121129109134143133162172091109114098115120082104111105133138065094100133162172 sending another frame 0.13280200958251953
waiting for acknowledgement
109128134085114118062104106104132137089114122098123132111137145135164174109128134112130136089114122104132137065092099135164174 sending another frame 0.13297533988952637
waiting for acknowledgement
113134140084113117061104105103131137089117125103128136114141150136166177113134140116136143089117125103131137064092098136166177 sending another frame 0.13279271125793457
waiting for acknowledgement
117140147081110114061106107104134140091120129103127136115142150137166178117140147120141148091120129104134140064092098137166178 sending another frame 0.13293886184692383
waiting for acknowledgement
051065144056065144078089144154177196079102150062076142075090142083106146051065144064084144079102150154177196067086138083106146 sending another frame 0.13285160064697266
waiting for acknowledgement
048060073045052062065073085148171182077097118063076089073086102080103123048060073064082103077097118148171182066083100080103123 sending another frame 0.13291406631469727
waiting for acknowledgement
042051060054062074062069079130151163068085102073088101071082093081102121042051060060076094068085102130151163063079094081103121 sending another frame 0.13281869888305664
waiting for acknowledgement
045054065049056066062066076110128140068087108072086100072083093075095112045054065055070086068087108110128140061076091076095113 sending another frame 0.13298726081848145
waiting for acknowledgement
049060073050057067062067076105124137071093115067081095072084093071090107049060073048060073071093115105124136060075091071090107 sending another frame 0.13274836540222168
waiting for acknowledgement
042053064052063075062065073094113126065082100064080095066077087069087105042053064051061073065082100094113126056071088069088105 sending another frame 0.13291001319885254
waiting for acknowledgement
056070135056067140070075141091110154064080141071090148074088151073092143056070135055070136064080141091110154058074136073092143 sending another frame 0.13288164138793945
waiting for acknowledgement
058075133124148175095118149111139159057075130092130158108136160131168178058075133059083132057075130111139159134170181131168178 sending another frame 0.13308167457580566
waiting for acknowledgement
055070087123147164092115132111139154050070091090129146107135146131167178055070087056080104050070091111139154134170181131167178 sending another frame 0.1326761245727539
waiting for acknowledgement
055071086123148164091114131112141155050070091090129146107135146130167177055071086055080103050070091112141155134170181130167177 sending another frame 0.13297033309936523
waiting for acknowledgement
056071086123148165091114131113142157050070091090129146107135146130167177056071086055080102050070091113142156134170181130167177 sending another frame 0.13284063339233398
waiting for acknowledgement
028027028034036036061074078077094105017015013022019016103119127124146157028027028025024029017015013077094105126152165124146157 sending another frame 0.13305163383483887
waiting for acknowledgement
028026027036038037062074079078096106017015012022020017104120128125148159028026027025024027017015012078096106127154167125148159 sending another frame 0.13275456428527832
waiting for acknowledgement
027026026036038037063075080078096106017015012023020017105121130127150160027026026025024028017015012078096106129155167127150160 sending another frame 0.13293910026550293
waiting for acknowledgement
028026026037039037063075079078096107017015012023021018105121130128152162028026026025024028017015012078096107130157168128152162 sending another frame 0.13281869888305664
waiting for acknowledgement
028028027038040039063076080079096107017015012025023021105121130130155165028028027025023025017015012079096107131158169130155165 sending another frame 0.13312768936157227
waiting for acknowledgement
005005003007008007013014012106121121005005005023022021034035036016016014005005003008010010005005005106121120061073075016016014 sending another frame 0.13263392448425293
waiting for acknowledgement
005005003008009008016016015112129129006006006024022021032034035014014011005005003009011011006006006112129129057067069014014011 sending another frame 0.13289904594421387
waiting for acknowledgement
005005003010011010012012011118135136007007007028027027034035035014014012005005003009011011007007007118135136060070071014014012 sending another frame 0.13300442695617676
waiting for acknowledgement
005005003011012013010011009115132133007007007029029029034034035015015013005005003008010011007007007115132133059068069015015013 sending another frame 0.13282084465026855
waiting for acknowledgement
005005003009010011010010009117134135008008008033032033034035036016016014005005003008010010008008008117134135061071072016016014 sending another frame 0.13275480270385742
waiting for acknowledgement
004004004011012013011011010116133133007007007031028029032034034015015013004004004008010011007007007116133133057066067015015013 sending another frame 0.13289427757263184
waiting for acknowledgement
004004004012014015012012011119136137008008008033032034031033034014014012004004004008011011008008008119136137055065065014014012 sending another frame 0.13308453559875488
waiting for acknowledgement
004004004013015017013014012121138139008008008029027027031033034013013011004004004008011011008008008121138139055064065013013011 sending another frame 0.13287615776062012
waiting for acknowledgement
004004004017019021015015013120138139008008008027026027030032033012012010004004004008011011008008008120138139050058058012012010 sending another frame 0.13281893730163574
waiting for acknowledgement
004005005019020022011012011114130130007006006023022023030032033014014012004005005008011011007006006114130130050058059014014012 sending another frame 0.1329491138458252
waiting for acknowledgement
005005005017018020010010010108122121006006006026026028030032032017017016005005005008011011006006006108122121052062064017017016 sending another frame 0.13269543647766113
waiting for acknowledgement
005005005013015016011011011112127127008006009027027030030032033016016015005005005008011011008006009112127127054064066016016015 sending another frame 0.13283777236938477
waiting for acknowledgement
039035142044041143041037136113130173038034143046044139051050137040036131039035142039035139038034143113130173064073145040036131 sending another frame 0.1328904628753662
waiting for acknowledgement
064070073141154158150169178129149163089095104112134149112136152103128145064070073043050052089095104129149163087110127103128145 sending another frame 0.13286137580871582
waiting for acknowledgement
064070073141154158150169178129149162089095104112133148112135152103128144064070073043050052089095104129149162087109124103128144 sending another frame 0.13295459747314453
waiting for acknowledgement
065071073142155158151169178129149162089094103111132146112135150103127142065071073044050052089094103129149162087108122103127142 sending another frame 0.13297343254089355
waiting for acknowledgement
065071073142155158151169178129149161090094103110131145111134149103127141065071073044050052090094103129149161087108122103127141 sending another frame 0.13271856307983398
waiting for acknowledgement
065070073141154158151169178129149161089094102110131144110132147103126141065070073044050052089094102129149161087108122103126141 sending another frame 0.13273406028747559
waiting for acknowledgement
065070072141154158151169178129149161089094102110131144110131145103126141065070072044050052089094102129149161087108122103126141 sending another frame 0.1328432559967041
waiting for acknowledgement
065070072141154158151169177129149161090094102111131145108129142103126141065070072044050052090094102129149161087108121103126141 sending another frame 0.13288497924804688
waiting for acknowledgement
064070071141154157151169177129149161090094102111131144107125137103125139064070071044050051090094102129149161088108121103125139 sending another frame 0.1328754425048828
waiting for acknowledgement
065070072141154158152171179129149161090094102112132145103120132100119132065070072044050051090094102129149161088108121100119132 sending another frame 0.13292884826660156
waiting for acknowledgement
065070072141154158152170178129150161091095103112132145104121132093110121065070072044050052091095103129150161088108121093110121 sending another frame 0.13293933868408203
waiting for acknowledgement
065070072141154158152170178129149160091095103113133146108127140085099108065070072044050052091095103129149160080095107086099108 sending another frame 0.13281822204589844
waiting for acknowledgement
069082091082102115089110125066089104076096115064079092064075089072093112069082091054077104076096115066090104061091124072093112 sending another frame 0.13296937942504883
waiting for acknowledgement
075089099076093104088110126069090106073091108063077090068080091074096114075089099056079107074091108069090107056080108074096114 sending another frame 0.13292193412780762
waiting for acknowledgement
074091102074090100081103121078096113074092110065078089063074086073094112074091102063091123074092110078096113055074096073094112 sending another frame 0.13298964500427246
waiting for acknowledgement
072091104078097109070088103083105124079098114063076088064076089075097116072091104066094125079098114083105124057081109075097116 sending another frame 0.13276076316833496
waiting for acknowledgement
066086097085104117070089104086109126085106123065078088058069083074095113066086097067096129085106123086109126057081108074095113 sending another frame 0.13277554512023926
waiting for acknowledgement
071094104089105117082106123068088104088110129065077088065077090066083099071094104070101135088110129068088103056077101066083099 sending another frame 0.132826566696167
waiting for acknowledgement
077099110082100112087111130065084103092115135074088099063075084075095113077099110070102137092115135065084103061089119075095113 sending another frame 0.13300418853759766
waiting for acknowledgement
080099109078100110079100116080104123092114134077093106062073084073092108080099109066095128092114134080104123068098130073092108 sending another frame 0.13278675079345703
waiting for acknowledgement
083100109076100110075091106093117136093116136073089103064076089077098116083100109065095128093116136093117136068098129077098116 sending another frame 0.1330552101135254
waiting for acknowledgement
085102112080104113087108123085105120095122144071086099067082098079102121085102112069097129095122144085105120073105138079102121 sending another frame 0.13272833824157715
waiting for acknowledgement
084104114088108118090116130068085100094119141074092106069084098082106128084104114065093125094119141068085100079113146082106128 sending another frame 0.13291120529174805
waiting for acknowledgement
091116125086102112092118130067084100091117140073091106066079089081107129091116125062093128091117140067084100076112147081107129 sending another frame 0.13299870491027832
waiting for acknowledgement
097123132081097105083106118080101115093120144072091107068083096077099118097123132062092127093120144080101115067098130077100118 sending another frame 0.13286352157592773
waiting for acknowledgement
130158171137159187160191205154184199099117154087100150114134157105122143130158171125149171099117154154184199130162181105122143 sending another frame 0.13278698921203613
waiting for acknowledgement
130158168136158170160191202153184195097116128083095104113133144104122133130158168124147153097116128153184195129162177104122133 sending another frame 0.13287949562072754
waiting for acknowledgement
130158167137160171160191202153184194097116128082094103112132142105121131130158167124147153097116128153184194129161176105121132 sending another frame 0.1328880786895752
waiting for acknowledgement
129159167138161172160191202153184194098116128082094102112132142105121131129159167124147153098116128153184194128161176105121131 sending another frame 0.13301396369934082
waiting for acknowledgement
129159167138161172160191202153183194098116128082094102112131141105121131129159167124147153098116128153183194128161175105121131 sending another frame 0.13291382789611816
waiting for acknowledgement
129159167138162173160191202152183194098116127082094102112131140105121130129159167123148152098116127152183194127161175105121130 sending another frame 0.1328413486480713
waiting for acknowledgement
129158167138162173161191202152183194098116127082094102112131140106121130129158167123148152098116127152183194127160174106121130 sending another frame 0.13306617736816406
waiting for acknowledgement
129158166139162173161192202152183193098116127082094102112131140105121130129158166123147152098116127152183193126159174105121130 sending another frame 0.1326918601989746
waiting for acknowledgement
128158166139163174161192203152183193097116127082094102111130139105120130128158166123147152097116127152183193125158172105120130 sending another frame 0.13287067413330078
waiting for acknowledgement
128157166140164175161192203150181192098116127082093101111129138105120129128157166123147152098116127151181192123156171105120129 sending another frame 0.13293957710266113
waiting for acknowledgement
128157165142165176161192203149180190098116127082093101110128137105120129128157165123147151098116127149180190121154169105120129 sending another frame 0.13270306587219238
waiting for acknowledgement
127156164143167178161192203146178188098116126083094102109127136105119128127156164122146151098116126146178188117151166105119128 sending another frame 0.13291072845458984
waiting for acknowledgement
128156164143166178161192203142174183099116126084096104107124133105118127128156164122145150099116126142174183112146161105118127 sending another frame 0.13297653198242188
waiting for acknowledgement
130157165141165177161192203140171181099116126085097105104121130104118127130157165123147152099116126140171181107142158104118127 sending another frame 0.13269424438476562
waiting for acknowledgement
132160168144168179159188199136167176100117126085097106102118126104118127132160168128152157100117126136167176101137154104118127 sending another frame 0.13297009468078613
waiting for acknowledgement
136165175147172181154183195132164171104121130084097106099115123105119128136165175137163170104121130132164171093130148105119128 sending another frame 0.13289737701416016
waiting for acknowledgement
166172185164183210154190231171203241068077145055094167058142200081180226166172185105108162068077145171203241113195236081180226 sending another frame 0.13292455673217773
waiting for acknowledgement
165171158164174167151164165169186184059064059028027022020016011062064058165171158102100092059064059169186184101103097062064058 sending another frame 0.13298630714416504
waiting for acknowledgement
165171158163173167151164165169186184059065059028028022021016011062063059165171158102100092059064059169186184101103097062063059 sending another frame 0.13264703750610352
waiting for acknowledgement
165171158163173167151164166169186185059064059029028023020016012062064059165171158102100092059064059169186185101103097062064059 sending another frame 0.13300323486328125
waiting for acknowledgement
165170157162173167152165166169186184059065058029028024020016012062064059165170157102099091059064058169186184100103096062064059 sending another frame 0.1327519416809082
waiting for acknowledgement
165170157162173167152165166169186184059065059029028023020016013062064059165170157102099091059064058169186184101103096062064059 sending another frame 0.1330089569091797
waiting for acknowledgement
165170157162173167152165166169186184059064058028027023021017013062064059165170157102099091059064058169186184101103096062064059 sending another frame 0.13262391090393066
waiting for acknowledgement
165170157162173167152165166169186184059064058028027023021017014062064059165170157102099091059064058169186184100103096062064059 sending another frame 0.1329813003540039
waiting for acknowledgement
165170157162173167152165166169186184059064058028027023021017014062064059165170157102099091059064058169186184100103096062063059 sending another frame 0.13277363777160645
waiting for acknowledgement
165170157161172166152165166169186184059065059028027023021017014062064059165170157102099091059065059169186184100103096062063059 sending another frame 0.13297080993652344
waiting for acknowledgement
165170157161172166152165166169186184059065059028027022021017014062063059165170157102099091059064059169186184101103096062063059 sending another frame 0.13282990455627441
waiting for acknowledgement
165170157161171166152166167169186184059065059027026022021017014062063059165170157102099091059065058169186184100102096062063059 sending another frame 0.13290810585021973
waiting for acknowledgement
165170157160171165152166167168185184059065059027026022021017014062064059165170157102099091059065059168185184101102096062063059 sending another frame 0.1328580379486084
waiting for acknowledgement
165170157159170164153166167168185184059065059027025021022018014062064059165170157102099091059064058168185184101103096062064059 sending another frame 0.13286733627319336
waiting for acknowledgement
165170157159170164153167168168185184059065059027025021022018014062064059165170157102099091059064058168185184101102096062064059 sending another frame 0.13283395767211914
waiting for acknowledgement
165170157159170164153167168168185184059065058026024020021017014062063058165170157102099091059064058168185184100102096062063058 sending another frame 0.13291478157043457
waiting for acknowledgement
165170157159170164153166168168185184059065058027025020021017014062063057165170157102099091059065058168185184100102096062063057 sending another frame 0.1329033374786377
waiting for acknowledgement
165170157160171165153166167168185184059065059027025021022019016062063057165170157102099091059065059168185184100102095062063057 sending another frame 0.13275742530822754
waiting for acknowledgement
165170157160171166152166167168185184059065059027025021024020018062063057165170157102099091059065059168185184100102095062063057 sending another frame 0.1328904628753662
waiting for acknowledgement
165170157160171165152166167168185183059065059026024020022019017062063057165170157102099091059065059168185183100102095062063057 sending another frame 0.1327974796295166
waiting for acknowledgement
165170157160171166152166167168185183059065059026024019024020019062063057165170157102099091059065058168185184100102095062063057 sending another frame 0.13305306434631348
waiting for acknowledgement
165170157160171166152165167168185183059065058026023019028025026062063057165170157102099091059065058168185183100102095062063057 sending another frame 0.13271212577819824
waiting for acknowledgement
165170157160171165152165166168185183059065058026023019030027029062063057165170157102099091059065058168185183100102095062063057 sending another frame 0.13289618492126465
waiting for acknowledgement
165170157160171165152165166168185183059065058026023019029027028062063057165170157102099091059064058168185183100102095062063057 sending another frame 0.13288164138793945
waiting for acknowledgement
165170157160171165152165167168185183059065058026023019029026028062063057165170157102099091059064058168185183100102095062063057 sending another frame 0.13290095329284668
waiting for acknowledgement
165170157160171165152165167168185183059065058026023019029026028062063057165170157102099091059064058168185183100102095062063057 sending another frame 0.1331474781036377
waiting for acknowledgement
165170158160171165152166167168186184059065059026023019029025027062063057165170158102099092059065059168186184101102096062063057 sending another frame 0.13274598121643066
waiting for acknowledgement
165169156158168162154167167167184182060065059035034034030027027062063056165169156098095088060065059167184182095097090062063056 sending another frame 0.1327829360961914
waiting for acknowledgement
165169156158168162155169169167184182060065059034033032029026025062063056165169156098095088060065059167184182095097090062063056 sending another frame 0.1328296661376953
waiting for acknowledgement
165169156158168162155168169167184182060065059033031031027024024062063056165169156098095088060065059167184182095097090062063056 sending another frame 0.1331324577331543
waiting for acknowledgement
164169156158168162155168169167184182060065059033031031027023023062063056164169156098095088060065059167184182095097090062063056 sending another frame 0.13272714614868164
waiting for acknowledgement
164169156158168162155168169167184182060065059033032032027024023062063056164169156098095088060065059167184182095097090062063056 sending another frame 0.1329183578491211
waiting for acknowledgement
164169156158168162155168169167184182060065059033032031026022022061063056164169156098095088060065059167184182095097090061063056 sending another frame 0.13286352157592773
waiting for acknowledgement
164169156158168163155168169167184182060065059033032031024020019060062056164169156098095088060065059167184182095097090060062056 sending another frame 0.13279318809509277
waiting for acknowledgement
164169155158168163154168169167184182060065059033032032024020019060062056164169155098095088060065059167184182095097090060062056 sending another frame 0.1330857276916504
waiting for acknowledgement
164169155158168163154168169167184182060065059033032032024020019060062056164169155098095088060065059167184182095097090060062056 sending another frame 0.13269495964050293
waiting for acknowledgement
150153141143152146137149150151166164047051047026025024020017016049050046150153141098095087047051047151166164095096090049050045 sending another frame 0.1328871250152588
waiting for acknowledgement
150153141142151146137149151151166164048052048026025024021018018050051046150153141098094087047052048151166164095096090050051046 sending another frame 0.1329026222229004
waiting for acknowledgement
150153141142151146138150151151166164048052048022021021024021021050051046150153141098094087047052048151166164095096090050051046 sending another frame 0.13297462463378906
waiting for acknowledgement
150153141142150145137150151151166164048053050021021018027026028050051047150153141098095087048052050151166164095096090050051046 sending another frame 0.13277745246887207
waiting for acknowledgement
150153141143152147136148149151166164047051049022021019027025028049051047150153141098095087047051049151166164095096090049051047 sending another frame 0.13296294212341309
waiting for acknowledgement
150153141146155149133144146151166164045049048022021022029027029048050046150153141098095087045049047151166164095096090048050046 sending another frame 0.13280940055847168
waiting for acknowledgement
150153141144153148133144146151166164047052048031030029020017016048049046150153141098095087047052048151166164098097094048049046 sending another frame 0.1329195499420166
waiting for acknowledgement
150153141143151146134146147151166164048053048029029027023021023049049048150153141098095087048052048151166164096097091049049047 sending another frame 0.13288068771362305
waiting for acknowledgement
150153141142150145135147148151166164051056053057064065025023023043043043150153141098094087051056052151166164095096090043043043 sending another frame 0.13275742530822754
waiting for acknowledgement
150153141141150145135147148151166164052057053056063064025023023045044044150153141098094087052057053151166164095096089045044044 sending another frame 0.1329364776611328
waiting for acknowledgement
150153141141149144136148149151166164049055054055062064025023023045044044150153141098094087049055054151166164095096089045044044 sending another frame 0.13291478157043457
waiting for acknowledgement
150153141141149144136148149151166164047052051028027027025023023045044044150153141098094087047052051151166164095096089045044044 sending another frame 0.1328294277191162
waiting for acknowledgement
150153141141149144136148149151166164047053052049053055025023023045044044150153141098094087047052052151166164095096089045044044 sending another frame 0.13283467292785645
waiting for acknowledgement
150153141141149144136148149151166164047052049025024022024022023044044043150153141098094087047052049151166164095096089044044043 sending another frame 0.13288164138793945
waiting for acknowledgement
150153141141149144136148149151166164047052049025024022024022023044044043150153141098094087047052049151166164095096089044044043 sending another frame 0.1328887939453125
waiting for acknowledgement
150153141141149144136148149151166164047052049025024022024022023044044043150153141098094087047052049151166164095096089044044043 sending another frame 0.13291549682617188
waiting for acknowledgement
150153141141149144136148149151166164047052049025024022024022023044044043150153141098094087047052049151166164095096089044044043 sending another frame 0.13287854194641113
waiting for acknowledgement
150153141141149144136148149151166164047052049025024022024022023044044043150153141098094087047052049151166164095096089044044043 sending another frame 0.13292360305786133
waiting for acknowledgement
135151160169191198169190198167189197055072079059071078055062068061071077135151160060086095055072079167189197102124135061071077 sending another frame 0.13286042213439941
waiting for acknowledgement
130145154167188196168189197166188195058074081061075081055061066058066071130145154060086095058074081166188195103126137058066071 sending another frame 0.13291192054748535
waiting for acknowledgement
122137145163184191167188196167189196064078086062077083056062066059067072122137145059085095064078086167189196101126136059067072 sending another frame 0.13298797607421875
waiting for acknowledgement
122136145162183191166187195166188195064079086063076081058065070059067072122136145059086095064078086166188195099123133059067072 sending another frame 0.13292384147644043
waiting for acknowledgement
117130137154172180158176185157177186064080088062077083057066072060071078117130137062089098064080088157177186104129138060071077 sending another frame 0.13280582427978516
waiting for acknowledgement
067073074120132135123135138079086087036043047052062066048053057032037039067073074034049054036043047079086087062076081032037039 sending another frame 0.13286423683166504
waiting for acknowledgement
060065065113124126117127129066072071032038041053063067048054057030036038060065065027042044032038041066072071054066071030036038 sending another frame 0.1329197883605957
waiting for acknowledgement
057061061110121123117127129066072071034040044054065070049055058032037040057061061025039041034040044066072071052064068032037040 sending another frame 0.13269734382629395
waiting for acknowledgement
058064064113124126117128130066072071032037040051062067047053056029034036058064064021035036032037040066072071056068073029034036 sending another frame 0.13300776481628418
waiting for acknowledgement
052060060111123125117128130066072071033039043052063068049056060030035037052060060022034035033039043066072071054066070030035037 sending another frame 0.13293051719665527
waiting for acknowledgement
056064064109122123117128130066072071031037041050061065047053056028033035056064064020034035031037041067072071056069073028033035 sending another frame 0.132843017578125
waiting for acknowledgement
061067067102116118117128130067072071032036040048060063047054057027032034061067067020033033032036040067072071057069073027032034 sending another frame 0.13287806510925293
waiting for acknowledgement
062068068097113114116128130067072071032037040048058061047053055027032034062068068022036037032037040067072071059071075027032034 sending another frame 0.13280177116394043
waiting for acknowledgement
063068068099114116111124125067072071031036039049058062047054057028032034063068068025040042031036039067072071061072076028032034 sending another frame 0.1328599452972412
waiting for acknowledgement
064069069109121123101115117067072071032039042048056059045053056026030031064069069026043046032039042067072071063075079026030031 sending another frame 0.13321781158447266
waiting for acknowledgement
067073073116127129101115117066072071031039042047056059045052054026030031067073073028042045031039042067072071056069073026030031 sending another frame 0.13258838653564453
waiting for acknowledgement
068073073116127129101116117052060059033040043048058062044050052027033035068073073030041044033040043052060059028041042027034035 sending another frame 0.13287138938903809
waiting for acknowledgement
068074074117129131113125127056063062032036040046057061043049051024028030068074074033046049032036040056063062022035035024029030 sending another frame 0.13286256790161133
waiting for acknowledgement
045051050081091092088102102030039036033034037039042044040042041030031030045051050024035036033034037030039036022029030030031030 sending another frame 0.13287758827209473
waiting for acknowledgement
034036036041046045036039036031032029015015015015015015021021021033037045034036036023023023015015015031032029037039042033037045 sending another frame 0.1329488754272461
waiting for acknowledgement
034036036041046045036039036031032029015015015015015015021021021033037045034036036023023023015015015031032029037039042033037045 sending another frame 0.1328282356262207
waiting for acknowledgement
034036036041046045036039036031032029021021021017017017021021022033037046034036036027028028021021021031032029037039042033037046 sending another frame 0.1329045295715332
waiting for acknowledgement
035036036039041040037038035030032028022023022017017017021021022032035042035036036028029029022023022030032028039042048032035042 sending another frame 0.13292980194091797
waiting for acknowledgement
028028026022021017025023019034035033024024024016017017029027026041040041028028026022022022024024024034035033034039050041040041 sending another frame 0.1329660415649414
waiting for acknowledgement
029028026022021017024023019035035035025025025018018018030028027040039041029028026021022022025025025035035035034039050040039041 sending another frame 0.13281989097595215
waiting for acknowledgement
029028026022021017024023019035035035025025025018018018030028027040039041029028026021022022025025025035035035034039050040039041 sending another frame 0.1329185962677002
waiting for acknowledgement
028028025022021017024023019036038041024024024019020020030028028039038040028028025023024023024024024036038041035038046039038040 sending another frame 0.13283348083496094
waiting for acknowledgement
029028025022022019029028024037037034025025024017017017026027028033037037029028025022022022025025024037037034038037039033037037 sending another frame 0.1330242156982422
waiting for acknowledgement
028028025023022019030028024038037034024023023017017017028028028040043043028028025023022022024023023038037034033035036040043043 sending another frame 0.13278651237487793
waiting for acknowledgement
028027025025024021031029026035035032024023023017017017030030031046047049028027025024023022024023023035035032033037037046048049 sending another frame 0.13283610343933105
waiting for acknowledgement
030028025022021018027027023030031027024023023020020020026026028039041042030028025023023023024023023030031027044047048039041042 sending another frame 0.13292503356933594
waiting for acknowledgement
030028025022021018027027023030031027024023023020020020026026028039041042030028025023023023024023023030031027044047048039041042 sending another frame 0.13281702995300293
waiting for acknowledgement
030028025022021018027027023030031027024023023020020020026026028039041042030028025023023023024023023030031027044047048039041042 sending another frame 0.13286900520324707
waiting for acknowledgement
029029026026025022031030026036035032024024024017017017030031032045047049029029026024023022024024024036035032033036036045047049 sending another frame 0.1329042911529541
waiting for acknowledgement
027026023022021018025024020033035036023022022018018018026027027032034035027026023024024024023022022033035037039039041032034035 sending another frame 0.13291478157043457
waiting for acknowledgement
029029026026025022031030026036035032024024024017017017030031032045047049029029026024023022024024024036035032033036036045047049 sending another frame 0.13289737701416016
waiting for acknowledgement
028027024025024021029029026033034031024024024020020020030030031044046046028027024025024024024024024033034031036040040044046046 sending another frame 0.13269567489624023
waiting for acknowledgement
028027024025024021029029026033034031024024024020020020030030031044046046028027024025024024024024024033034031036040040044046046 sending another frame 0.13304662704467773
waiting for acknowledgement
028027024025024021029029026033034031024024024020020020030030031044046046028027024025024024024024024033034031036040040044046046 sending another frame 0.13283920288085938
waiting for acknowledgement
028027024025024021029029026033034031024024024020020020030030031044046046028027024025024024024024024033034031036040040044046046 sending another frame 0.13291549682617188
waiting for acknowledgement
028027024025024021029029026033034031024024024020020020030030031044046046028027024025024024024024024033034031036040040044046046 sending another frame 0.13277316093444824
waiting for acknowledgement
028027024025024021029029026033034031024024024020020020030030031044046046028027024025024024024024024033034031036040040044046046 sending another frame 0.13286304473876953
waiting for acknowledgement
028027024025024021029029026033034031024024024020020020030030031044046046028027024025024024024024024033034031036040040044046046 sending another frame 0.1329038143157959
waiting for acknowledgement
028027024025024021029029026033034031024024024020020020030030031044046046028027024025024024024024024033034031036040039044046046 sending another frame 0.13289666175842285
waiting for acknowledgement
028027024025024021029029026033034031024024024020020020030030031044046046028027024025024024024024024033034031036040039044046046 sending another frame 0.13286256790161133
waiting for acknowledgement
028027024025024021029029026033034031024024024020020020030030031044046046028027024025024024024024024033034031035039039044046046 sending another frame 0.1328737735748291
waiting for acknowledgement
028027024025024021029029026033034031025024024020020020030030031044046046028027024025024024025024024033034031035039039044046046 sending another frame 0.13287758827209473
waiting for acknowledgement
024023020022021018028027024034034031016016015015015015029030031044046047024023020015015015016016015034034031038042042044046047 sending another frame 0.13287758827209473
waiting for acknowledgement
016015013014013009015013010019018014012012011007007008008008008007007007016015013000000000012012011019018014000000000007007007 sending another frame 0.13292908668518066
waiting for acknowledgement
015015013014013010015013010019018014012012011007007008008008008007007007015015013000000000012012011019018014000000000007007007 sending another frame 0.13287758827209473
waiting for acknowledgement
015015013014013010015013010019018014012012011007007008008008008007007007015015013000000000012012011019018014000000000007007007 sending another frame 0.1329209804534912
waiting for acknowledgement
015015013014013011014013011019018014011011011007007008008008008007007007015015013000000000011011011019018014000000000007007007 sending another frame 0.13283777236938477
waiting for acknowledgement
031028023061061098098108106024026024013017014058056073086091096016017017031028023006012007013017014024026024021021019016017017 sending another frame 0.132981538772583
waiting for acknowledgement
031028023061061100098108105024026025014018015054053077085088090019020020031028023006012007014018015024026025021021019019020020 sending another frame 0.13298726081848145
waiting for acknowledgement
031028021060059099098107103024026023014018015051052080082083086019020020031028021006012007014018015024026023021021019019020020 sending another frame 0.1327357292175293
waiting for acknowledgement
031028021054055097094102105024026023014018015049050081086086089019020020031028021006012007014018015024026023021021019019020020 sending another frame 0.1327974796295166
waiting for acknowledgement
031028021053054096092100103024026023014018015050050078085086087019020020031028021006012007014018015024026023021021019019020020 sending another frame 0.13292407989501953
waiting for acknowledgement
031028021054055095094102104024026023014018015051052078083086087019020020031028021006012007014018015024026023021021019019020020 sending another frame 0.13300085067749023
waiting for acknowledgement
054051047052060128131140145050061059018032030066062105106103105044049051054051047019035035018032030050062059073072067044049051 sending another frame 0.13277482986450195
waiting for acknowledgement
064061058048057142148147163061077074019036035069067111118115108052058060064061058024043045019036035061077074091091084052058060 sending another frame 0.13312768936157227
waiting for acknowledgement
065062058048057141148148163061077074019036035069067111118115108052058060065062058024043045019036035061077074091091084052058060 sending another frame 0.13275766372680664
waiting for acknowledgement
065062058048056141147146162061077074019036035070068113117112104052058061065062058024043045019036035062077074091091084052058061 sending another frame 0.13279509544372559
waiting for acknowledgement
065062058049057141149151163061077074019036035070067114116108101052058060065062058024043045019036035062077074091091084052058061 sending another frame 0.1328883171081543
waiting for acknowledgement
065062058059067142151156153061077074019036035070068116124118116052058060065062058024043045019036035062077074091091084052058061 sending another frame 0.13289690017700195
waiting for acknowledgement
065062058059067142151156153061077074019036035070068116124118116052058060065062058024043045019036035062077074091091084052058061 sending another frame 0.13297653198242188
waiting for acknowledgement
065062058058063141151154153061077074019036035070068116124118116052058060065062058024043045019036035062077074091091084052058061 sending another frame 0.13280415534973145
waiting for acknowledgement
065062058058063141151154153061077074019036035070068116124118116052058060065062058024043045019036035062077074091091084052058061 sending another frame 0.1329364776611328
waiting for acknowledgement
065062058058063141151154153061077074019036035070067116124118116052058060065062058024043045019036035061077074091091084052058061 sending another frame 0.1328740119934082
waiting for acknowledgement
065062058058063141151154153061077074019036035070067116124118116052058060065062058024043045019036035061077074091091084052058061 sending another frame 0.13286256790161133
waiting for acknowledgement
065062058057062140150154152061077074019036035070067116124118116052058060065062058024043045019036035061077074091091084052058061 sending another frame 0.13288593292236328
waiting for acknowledgement
065062058056061140149153152061077074019036035070068116124118116052058060065062058024043045019036035061077074091091084052058061 sending another frame 0.13299894332885742
waiting for acknowledgement
065062058056061140149153152061077074019036035070067117124119117052058061065062058024043045019036035061077074091091084052058061 sending another frame 0.1328136920928955
waiting for acknowledgement
065062058056061140149153152061077074019037035070068118125119117052058061065062058024043045019036035061077074091091084052058061 sending another frame 0.13288569450378418
waiting for acknowledgement
065062058056061140149153152061077074018037035070068119126120118052058061065062058024043045018037035061077074091091084052058061 sending another frame 0.13288044929504395
waiting for acknowledgement
064062058056061140149153152061077074018037036070068119126120118052058060064062058024043045018037036061077074091091084052058061 sending another frame 0.13291335105895996
waiting for acknowledgement
064062058056061140149153152061077074018037036070068119126120118052058060064062058024043045018037036061077074091091084052058061 sending another frame 0.13286662101745605
waiting for acknowledgement
020027069107105148139158150088089083020025064121103109115123125081084081020027069023030081020025064088089083103104095081084081 sending another frame 0.13289880752563477
waiting for acknowledgement
019024063132128153142163156096094085029033064136116110118128132083086083019024063031040082029033064096094085103103095083086083 sending another frame 0.13292646408081055
waiting for acknowledgement
024027064141137153144165159096094085035036059134118111126135138082086082024027064037045082035036059096094085103103095082086082 sending another frame 0.132826566696167
waiting for acknowledgement
024027064141137153144165159093092084036036059134118111126135138082086082024027064037045082035036059093092084090093094082086082 sending another frame 0.13296175003051758
waiting for acknowledgement
024027064141137153133157158062072095036036059134118111125134138058063061024027064037045082035036059062072096079087106058063061 sending another frame 0.13275647163391113
waiting for acknowledgement
024028065131139150120139170086089094036033056135124120089104109047053050024028065029037080036033056087090094121121121047053050 sending another frame 0.13290119171142578
waiting for acknowledgement
028032067152156164114137158075079089037036058136123120071086089045051049028032067032039079037036058075080089083090107045051049 sending another frame 0.13287758827209473
waiting for acknowledgement
030033069153156164114140158071076087037036057132121120071084085032040041030033069033040079037036057071076087086092107032040041 sending another frame 0.13289332389831543
waiting for acknowledgement
031033069152155163114138156070075085037036057131120120081089091031041047031033069033040078037036057070075085090095108031041047 sending another frame 0.13292145729064941
waiting for acknowledgement
032034069152155163114139156070076086038036057136123121071083083029039042032034069034041078038036057070076086089094108029039042 sending another frame 0.13290882110595703
waiting for acknowledgement
032034069153157164110135152070075085038036057136123121071083083029039042032034069034041078038036057070075085088094107029039042 sending another frame 0.13291072845458984
waiting for acknowledgement
032034069155159166112138155070076086038036057136123121071084085031040041032034069034041078038036057070076086086092107031040041 sending another frame 0.13285470008850098
waiting for acknowledgement
030033069154158167110137154070075085038036057136123121071083083029039042030033069034041078038036057070075085088094107029039042 sending another frame 0.13286375999450684
waiting for acknowledgement
031034069155159167110136153069075085038036057136123121081089091031041047031034069034041078038036057070075085090095108031041047 sending another frame 0.13284611701965332
waiting for acknowledgement
032034069157160167114141159070076086038036057136123121071083083029039042032034069034041078038036057070076086089094108029039042 sending another frame 0.13288569450378418
waiting for acknowledgement
096094086188187170078127123076082087082078071176174161171174184062069084096094086103102092082078071076083088071083113062069084 sending another frame 0.132889986038208
waiting for acknowledgement
069060045140124097096127148059069091072065055133143163187188193097097097069060045067073087072065055059069091078087110097097097 sending another frame 0.1330125331878662
waiting for acknowledgement
070060042138122094108139161056066090070064054136144160157166186097097097070060042070062049070064054056066090076086111097097097 sending another frame 0.1327800750732422
waiting for acknowledgement
071060043136119090101131160055066089068059048141146154128144182094094094071060043071057034068059048055066090073084111094094094 sending another frame 0.13290953636169434
waiting for acknowledgement
071060043136119090100130159055066089068059048141146154128144182094094094071060043071057035068059048055066090073084111094094094 sending another frame 0.1329491138458252
waiting for acknowledgement
071060043136119090100131160055066089068059048141146154128144182094094094071060043071057035068059048055066090073084111094094094 sending another frame 0.13282108306884766
waiting for acknowledgement
071060043136118090100130159055066089067059047141146154128144182094094094071060043071057034067059047055066089073084111094094094 sending another frame 0.1328890323638916
waiting for acknowledgement
072061043136119090100130159055066090068060048142146154129144182094095095072061043072057035068060048055066090073085111094095095 sending another frame 0.1328878402709961
waiting for acknowledgement
072061043137119091101131160056066090068060048142147154129145182094095095072061043072057035068060048056067090074085111094095095 sending another frame 0.13283562660217285
waiting for acknowledgement
071060043136119091102128171074080091067059047136143157130145182095095095071060043071056034067059047074080091077087111095095095 sending another frame 0.13291215896606445
waiting for acknowledgement
071060042135117091100125168086088085068060049130139159132146182096096096071060042071057035068060049086088085088094106096096096 sending another frame 0.13288235664367676
waiting for acknowledgement
071060042135117091100125168086088085068060049130139159132146182096096096071060042071057035068060049086088085088094106096096096 sending another frame 0.13292360305786133
waiting for acknowledgement
071060042135117091100125168086088085068060049130139159132146182096096096071060042071057035068060049086088085088094106096096096 sending another frame 0.13287568092346191
waiting for acknowledgement
071060042135117091100125168086088085068060049130139159132146182096096096071060042071057035068060049086088085088094106096096096 sending another frame 0.13287973403930664
waiting for acknowledgement
045045044038038038035035035030030030037037037032032032031031031031031031045045044056056056037037037030030030031031031031031031 sending another frame 0.13291144371032715
waiting for acknowledgement
045045044038038038035035035030030030037037037032032032031031031031031031045045044056056056037037037030030030031031031031031031 sending another frame 0.13297653198242188
waiting for acknowledgement
045045044038038038035035035030030030037037037032032032031031031031031031045045044056056056037037037030030030031031031031031031 sending another frame 0.13276910781860352
waiting for acknowledgement
045045044038038038035035035030030030037037037032032032031031031031031031045045044056056056037037037030030030031031031031031031 sending another frame 0.1328747272491455
waiting for acknowledgement
045045044038038038035035035030030030037037036032032032031031031031031031045045044056056056037037036030030030031031031031031031 sending another frame 0.13293910026550293
waiting for acknowledgement
045045044038038038035035035030030030037037036032032032031031031031031031045045044056056056037037036030030030031031031031031031 sending another frame 0.1329493522644043
waiting for acknowledgement
045045044038038038035035035030030030037037036032032032031031031031031031045045044056056056037037036030030030031031031031031031 sending another frame 0.1329669952392578
waiting for acknowledgement
045045044038038038035035035030030030037037036032032032031031031031031031045045044056056056037037036030030030031031031031031031 sending another frame 0.13273096084594727
waiting for acknowledgement
045045044038038038035035035030030030037037036032032032031031031031031031045045044056056056037037036030030030031031031031031031 sending another frame 0.13285326957702637
waiting for acknowledgement
045045044038038038035035035030030030037037037032032032031031031031031031045045044056056056037037037030030030031031031031031031 sending another frame 0.13307833671569824
waiting for acknowledgement
045045044038038038035035035030030030037037037032032032031031031031031031045045044056056056037037037030030030031031031031031031 sending another frame 0.13286614418029785
waiting for acknowledgement
045045044038038038035035035030030030037037037032032032031031031031031031045045044056056056037037037030030030031031031031031031 sending another frame 0.13279128074645996
waiting for acknowledgement
045045044038038038035035035030030030037037037032032032031031031031031031045045044056056056037037037030030030031031031031031031 sending another frame 0.1328279972076416
waiting for acknowledgement
045045044038038038035035035030030030037037036032032032031031031031031031045045044056056056037037036030030030031031031031031031 sending another frame 0.1330420970916748
waiting for acknowledgement
045045044038038038035035035030030030037037036032032032031031031031031031045045044056056056037037036030030030031031031031031031 sending another frame 0.13272452354431152
waiting for acknowledgement
045045044038038038035035035030030030037037036032032032031031031031031031045045044056056056037037036030030030031031031031031031 sending another frame 0.13274002075195312
waiting for acknowledgement
045045044038038038035035035030030030037037036032032032031031031031031031045045044056056056037037036030030030031031031031031031 sending another frame 0.13304376602172852
waiting for acknowledgement
045045044038038038035035035030030030037037036032032032031031031031031031045045044056056056037037036030030030031031031031031031 sending another frame 0.1327660083770752
waiting for acknowledgement
045045044038038038035035035030030030037037037032032032031031031031031031045045044056056056037037037030030030031031031031031031 sending another frame 0.13286995887756348
waiting for acknowledgement
045045044038038038035035035030030030037037037032032032031031031031031031045045044056056056037037037030030030031031031031031031 sending another frame 0.13289690017700195
waiting for acknowledgement
045045044038038038035035035030030030037037037032032032031031031031031031045045044056056056037037037030030030031031031031031031 sending another frame 0.13291335105895996
waiting for acknowledgement
045045044038038038035035035030030030037037037032032032031031031031031031045045044056056056037037037030030030031031031031031031 sending another frame 0.13286399841308594
waiting for acknowledgement
045045044038038038035035035030030030037037036032032032031031031031031031045045044056056056037037036030030030031031031031031031 sending another frame 0.13298416137695312
waiting for acknowledgement
045045044038038038035035035030030030037037036032032032031031031031031031045045044056056056037037036030030030031031031031031031 sending another frame 0.13280463218688965
waiting for acknowledgement
045045044038038038035035035030030030037037036032032032031031031031031031045045044056056056037037036030030030031031031031031031 sending another frame 0.1329953670501709
waiting for acknowledgement
045045044038038038035035035030030030037037036032032032031031031031031031045045044056056056037037036030030030031031031031031031 sending another frame 0.13287019729614258
waiting for acknowledgement
045045044038038038035035035030030030037037036032032032031031031031031031045045044056056056037037036030030030031031031031031031 sending another frame 0.1329033374786377
waiting for acknowledgement
045045044038038038035035035030030030037037037032032032031031031031031031045045044056056056037037037030030030031031031031031031 sending another frame 0.13290858268737793
waiting for acknowledgement
045045044038038038035035035030030030037037037032032032031031031031031031045045044056056056037037037030030030031031031031031031 sending another frame 0.1327047348022461
waiting for acknowledgement
045045044038038038035035035030030030037037037032032032031031031031031031045045044056056056037037037030030030031031031031031031 sending another frame 0.13291525840759277
waiting for acknowledgement
045045044038038038035035035030030030037037037032032032031031031031031031045045044056056056037037037030030030031031031031031031 sending another frame 0.13295269012451172
waiting for acknowledgement
045045044038038038035035035030030030037037036032032032031031031031031031045045044056056056037037036030030030031031031031031031 sending another frame 0.13286876678466797
waiting for acknowledgement
045045044038038038035035035030030030037037036032032032031031031031031031045045044056056056037037036030030030031031031031031031 sending another frame 0.13292646408081055
waiting for acknowledgement
045045044038038038035035035030030030037037036032032032031031031031031031045045044056056056037037036030030030031031031031031031 sending another frame 0.13282394409179688
waiting for acknowledgement
045045044038038038035035035030030030037037036032032032031031031031031031045045044056056056037037036030030030031031031031031031 sending another frame 0.13283491134643555
waiting for acknowledgement
045045044038038038035035035030030030037037036032032032031031031031031031045045044056056056037037036030030030031031031031031031 sending another frame 0.13290810585021973
waiting for acknowledgement
045045044038038038035035035030030030037037037032032032031031031031031031045045044056056056037037037030030030031031031031031031 sending another frame 0.1328270435333252
waiting for acknowledgement
045045044038038038035035035030030030037037037032032032031031031031031031045045044056056056037037037030030030031031031031031031 sending another frame 0.1330273151397705
waiting for acknowledgement
045045044038038038035035035030030030037037037032032032031031031031031031045045044056056056037037037030030030031031031031031031 sending another frame 0.13279151916503906
waiting for acknowledgement
045045044038038038035035035030030030037037037032032032031031031031031031045045044056056056037037037030030030031031031031031031 sending another frame 0.1329176425933838
waiting for acknowledgement
045045044038038038035035035030030030037037036032032032031031031031031031045045044056056056037037036030030030031031031031031031 sending another frame 0.1328744888305664
waiting for acknowledgement
045045044038038038035035035030030030037037036032032032031031031031031031045045044056056056037037036030030030031031031031031031 sending another frame 0.13307404518127441
waiting for acknowledgement
045045044038038038035035035030030030037037036032032032031031031031031031045045044056056056037037036030030030031031031031031031 sending another frame 0.13269281387329102
waiting for acknowledgement
045045044038038038035035035030030030037037036032032032031031031031031031045045044056056056037037036030030030031031031031031031 sending another frame 0.13297224044799805
waiting for acknowledgement
045045044038038038035035035030030030037037036032032032031031031031031031045045044056056056037037036030030030031031031031031031 sending another frame 0.13280153274536133
waiting for acknowledgement
045045044038038038035035035030030030038037037032032032031031031031031031045045044056056056038037037030030030031031031031031031 sending another frame 0.13290905952453613
waiting for acknowledgement
045045044038038038035035035030030030038037037032032032031031031031031031045045044056056056038037037030030030031031031031031031 sending another frame 0.13289570808410645
waiting for acknowledgement
045045044038038038035035035030030030038037037032032032031031031031031031045045044056056056038037037030030030031031031031031031 sending another frame 0.1328880786895752
waiting for acknowledgement
045045044038038038035035035030030030038037037032032032031031031031031031045045044056056056038037037030030030031031031031031031 sending another frame 0.13300561904907227
waiting for acknowledgement
045045044038038038035035035030030030038037037032032032031031031031031031045045044056056056038037037030030030031031031031031031 sending another frame 0.13275885581970215
waiting for acknowledgement
045045044038038038035035035030030030038037037032032032031031031031031031045045044056056056038037037030030030031031031031031031 sending another frame 0.1330564022064209
waiting for acknowledgement
045045044038038038035035035030030030038037037032032032031031031031031031045045044056056056038037037030030030031031031031031031 sending another frame 0.13277220726013184
waiting for acknowledgement
045045044038038038035035035030030030038037037032032032031031031031031031045045044056056056038037037030030030031031031031031031 sending another frame 0.13292241096496582
waiting for acknowledgement
045045044038038038035035035030030030038037037032032032031031031031031031045045044056056056038037037030030030031031031031031031 sending another frame 0.13289117813110352
waiting for acknowledgement
045045044038038038035035035030030030038037037032032032031031031031031031045045044056056056038037037030030030031031031031031031 sending another frame 0.13299107551574707
waiting for acknowledgement
045045044038038038035035035030030030038037037032032032031031031031031031045045044056056056038037037030030030031031031031031031 sending another frame 0.13275861740112305
waiting for acknowledgement
045045044038038038035035035030030030038037037032032032031031031031031031045045044056056056038037037030030030031031031031031031 sending another frame 0.13283133506774902
waiting for acknowledgement
045045044038038038035035035030030030038037037032032032031031031031031031045045044056056056038037037030030030031031031031031031 sending another frame 0.1329970359802246
waiting for acknowledgement
045045044038038038035035035030030030038037037032032032031031031031031031045045044056056056038037037030030030031031031031031031 sending another frame 0.13262629508972168
waiting for acknowledgement
045045044038038038035035035030030030038037037032032032031031031031031031045045044056056056038037037030030030031031031031031031 sending another frame 0.13297128677368164
waiting for acknowledgement
045045044038038038035035035030030030038037037032032032031031031031031031045045044056056056038037037030030030031031031031031031 sending another frame 0.13283729553222656
waiting for acknowledgement
045045044038038038035035035030030030038037037032032032031031031031031031045045044056056056038037037030030030031031031031031031 sending another frame 0.13289737701416016
waiting for acknowledgement
045045044038038038035035035030030030038037037032032032031031031031031031045045044056056056038037037030030030031031031031031031 sending another frame 0.13299250602722168
waiting for acknowledgement
045045044038038038035035035030030030038037037032032032031031031031031031045045044056056056038037037030030030031031031031031031 sending another frame 0.13277602195739746
waiting for acknowledgement
045045044038038038035035035030030030038037037032032032031031031031031031045045044056056056038037037030030030031031031031031031 sending another frame 0.13298630714416504
waiting for acknowledgement
045045044038038038035035035030030030038037037032032032031031031031031031045045044056056056038037037030030030031031031031031031 sending another frame 0.1329653263092041
waiting for acknowledgement
045045044038038038035035035030030030038037037032032032031031031031031031045045044056056056038037037030030030031031031031031031 sending another frame 0.13272762298583984
waiting for acknowledgement
045045044038038038035035035030030030038037037032032032031031031031031031045045044056056056038037037030030030031031031031031031 sending another frame 0.13289713859558105
waiting for acknowledgement
045045044038038038035035035030030030038037037032032032031031031031031031045045044056056056038037037030030030031031031031031031 sending another frame 0.1329026222229004
waiting for acknowledgement
045045044038038038035035035030030030038037037032032032031031031031031031045045044056056056038037037030030030031031031031031031 sending another frame 0.1328444480895996
waiting for acknowledgement
045045044038038038035035035030030030038037037032032032031031031031031031045045044056056056038037037030030030031031031031031031 sending another frame 0.13292479515075684
waiting for acknowledgement
045045044038038038035035035030030030038037037032032032031031031031031031045045044056056056038037037030030030031031031031031031 sending another frame 0.13280653953552246
waiting for acknowledgement
045045044038038038035035035030030030038037037032032032031031031031031031045045044056056056038037037030030030031031031031031031 sending another frame 0.13305187225341797
waiting for acknowledgement
045045044038038038035035035030030030038037037032032032031031031031031031045045044056056056038037037030030030031031031031031031 sending another frame 0.13273930549621582
waiting for acknowledgement
045045044038038038035035035030030030038037037032032032031031031031031031045045044056056056038037037030030030031031031031031031 sending another frame 0.1329483985900879
waiting for acknowledgement
045045044038038038035035035030030030038037037032032032031031031031031031045045044056056056038037037030030030031031031031031031 sending another frame 0.13279390335083008
waiting for acknowledgement
045045044038038038035035035030030030038037037032032032031031031031031031045045044056056056038037037030030030031031031031031031 sending another frame 0.13300132751464844
waiting for acknowledgement
045045044038038038035035035030030030038037037032032032031031031031031031045045044056056056038037037030030030031031031031031031 sending another frame 0.13282084465026855
waiting for acknowledgement
045045044038038038035035035030030030038038037032032032031031031031031031045045044056056056038037037030030030031031031031031031 sending another frame 0.13286781311035156
waiting for acknowledgement
045045044038038038035035035030030030038038037032032032031031031031031031045045044056056056038038037030030030031031031031031031 sending another frame 0.13290095329284668
waiting for acknowledgement
045045044038038038035035035030030030038038037032032032031031031031031031045045044056056056038038037030030030031031031031031031 sending another frame 0.13286066055297852
waiting for acknowledgement
045045044038038038035035035030030030038038037032032032031031031031031031045045044056056056038038037030030030031031031031031031 sending another frame 0.13291049003601074
waiting for acknowledgement
045045044038038038035035035030030030038038037032032032031031031031031031045045044056056056038038037030030030031031031031031031 sending another frame 0.13287854194641113
waiting for acknowledgement
045045044038038038035035035030030030038038037032032032031031031031031031045045044056056056038038037030030030031031031031031031 sending another frame 0.133012056350708
waiting for acknowledgement
045045044038038038035035035030030030038038037032032032031031031031031031045045044056056056038038037030030030031031031031031031 sending another frame 0.13285350799560547
waiting for acknowledgement
045045044038038038035035035030030030038038037032032032031031031031031031045045044056056056038038037030030030031031031031031031 sending another frame 0.13281846046447754
waiting for acknowledgement
045045044038038038035035035030030030038038037032032032031031031031031031045045044056056056038038037030030030031031031031031031 sending another frame 0.13287353515625
waiting for acknowledgement
045045044038038038035035035030030030047047046039039040036036036035035035045045044056056056047047046030030030031031031035035035 sending another frame 0.13298964500427246
waiting for acknowledgement
045045044038038038035035035030030030047047046039039040036036036035035035045045044056056056047047046030030030031031031035035035 sending another frame 0.13291501998901367
waiting for acknowledgement
045045044038038038035035035030030030047047046039039040036036036035035035045045044056056056047047046030030030031031031035035035 sending another frame 0.13287830352783203
waiting for acknowledgement
045045044038038038035035035030030030047047046039039040036036036035035035045045044056056056047047046030030030031031031035035035 sending another frame 0.13280534744262695
waiting for acknowledgement
045045044038038038035035035030030030047047046039039040036036036035035035045045044056056056047047046030030030031031031035035035 sending another frame 0.1329965591430664
waiting for acknowledgement
045045044038038038035035035030030030047047046039039040036036036035035035045045044056056056047047046030030030031031031035035035 sending another frame 0.13275814056396484
waiting for acknowledgement
045045044038038038035035035030030030047047046039039040036036036035035035045045044056056056047047046030030030031031031035035035 sending another frame 0.13287568092346191
waiting for acknowledgement
045045044038038038035035035030030030047047046039039040036036036035035035045045044056056056047047046030030030031031031035035035 sending another frame 0.13300561904907227
waiting for acknowledgement
045045044038038038035035035030030030047047046039039040036036036035035035045045044056056056047047046030030030031031031035035035 sending another frame 0.13289523124694824
waiting for acknowledgement
045045044038038038035035035030030030047047046039039040036036036035035035045045044056056056047047046030030030031031031035035035 sending another frame 0.13281011581420898
waiting for acknowledgement
045045044038038038035035035030030030047047046039039040036036036035035035045045044056056056047047046030030030031031031035035035 sending another frame 0.13283324241638184
waiting for acknowledgement
045045044038038038035035035030030030047047046039039040036036036035035035045045044056056056047047046030030030031031031035035035 sending another frame 0.13298988342285156
waiting for acknowledgement
045045044038038038035035035030030030047047046039039040036036036035035035045045044056056056047047046030030030031031031035035035 sending another frame 0.1328284740447998
waiting for acknowledgement
045045044038038038035035035030030030047047046039039040036036036035035035045045044056056056047047046030030030031031031035035035 sending another frame 0.1329202651977539
waiting for acknowledgement
045045044038038038035035035030030030047047046039039040036036036035035035045045044056056056047047046030030030031031031035035035 sending another frame 0.13271474838256836
waiting for acknowledgement
045045044038038038035035035030030030047047046039039040036036036035035035045045044056056056047047046030030030031031031035035035 sending another frame 0.13299942016601562
waiting for acknowledgement
045045044038038038035035035030030030047047046039039040036036036035035035045045044056056056047047046030030030031031031035035035 sending another frame 0.13277244567871094
waiting for acknowledgement
045045044038038038035035035030030030047047046039039040036036036035035035045045044056056056047047046030030030031031031035035035 sending another frame 0.1330559253692627
waiting for acknowledgement
045045044038038038035035035030030030047047046039039040036036036035035035045045044056056056047047046030030030031031031035035035 sending another frame 0.13287138938903809
waiting for acknowledgement
045045044038038038035035035030030030047047046039039040036036036035035035045045044056056056047047046030030030031031031035035035 sending another frame 0.13289594650268555
waiting for acknowledgement
045045044038038038035035035030030030047047046039039040036036036035035035045045044056056056047047046030030030031031031035035035 sending another frame 0.13275671005249023
waiting for acknowledgement
045045044038038038035035035030030030047047046039039040036036036035035035045045044056056056047047046030030030031031031035035035 sending another frame 0.13283371925354004
waiting for acknowledgement
045045044038038038035035035030030030047047046039039040036036036035035035045045044056056056047047046030030030031031031035035035 sending another frame 0.13283967971801758
waiting for acknowledgement
045045044038038038035035035030030030047047046039039040036036036035035035045045044056056056047047046030030030031031031035035035 sending another frame 0.13304638862609863
waiting for acknowledgement
045045044038038038035035035030030030047047046039039040036036036035035035045045044056056056047047046030030030031031031035035035 sending another frame 0.13281607627868652
waiting for acknowledgement
045045044038038038035035035030030030047047046039039040036036036035035035045045044056056056047047046030030030031031031035035035 sending another frame 0.13283014297485352
waiting for acknowledgement
045045044038038038035035035030030030047047046039039040036036036035035035045045044056056056047047046030030030031031031035035035 sending another frame 0.13306689262390137
waiting for acknowledgement
045045044038038038035035035030030030047047046039039040036036036035035035045045044056056056047047046030030030031031031035035035 sending another frame 0.13287687301635742
waiting for acknowledgement
045045044038038038035035035030030030047047046039039040036036036035035035045045044056056056047047046030030030031031031035035035 sending another frame 0.1327826976776123
waiting for acknowledgement
045045044038038038035035035030030030047047046039039040036036036035035035045045044056056056047047046030030030031031031035035035 sending another frame 0.1328878402709961
waiting for acknowledgement
045045044038038038035035035030030030047047046039039040036036036035035035045045044056056056047047046030030030031031031035035035 sending another frame 0.13292884826660156
waiting for acknowledgement
045045044038038038035035035030030030047047046039039040036036036035035035045045044056056056047047046030030030031031031035035035 sending another frame 0.13278794288635254
waiting for acknowledgement
045045044038038038035035035030030030047047046039039040036036036035035035045045044056056056047047046030030030031031031035035035 sending another frame 0.13292527198791504
waiting for acknowledgement
045045044038038038035035035030030030047047046039039040036036036035035035045045044056056056047047046030030030031031031035035035 sending another frame 0.13286757469177246
waiting for acknowledgement
045045044038038038035035035030030030047047046039039040036036036035035035045045044056056056047047046030030030031031031035035035 sending another frame 0.13294649124145508
waiting for acknowledgement
045045044038038038035035035030030030047047046039039040036036036035035035045045044056056056047047046030030030031031031035035035 sending another frame 0.13289403915405273
waiting for acknowledgement
045045044038038038035035035030030030047047046039039040036036036035035035045045044056056056047047046030030030031031031035035035 sending another frame 0.13278841972351074
waiting for acknowledgement
045045044038038038035035035030030030047047046039039040036036036035035035045045044056056056047047046030030030031031031035035035 sending another frame 0.13294053077697754
waiting for acknowledgement
045045044038038038035035035030030030047047046039039040036036036035035035045045044056056056047047046030030030031031031035035035 sending another frame 0.13296222686767578
waiting for acknowledgement
045045044038038038035035035030030030047047046039039040036036036035035035045045044056056056047047046030030030031031031035035035 sending another frame 0.13278484344482422
waiting for acknowledgement
045045044038038038035035035030030030047047046039039040036036036035035035045045044056056056047047046030030030031031031035035035 sending another frame 0.13298511505126953
waiting for acknowledgement
045045044038038038035035035030030030047047046039039040036036036035035035045045044056056056047047046030030030031031031035035035 sending another frame 0.1329364776611328
waiting for acknowledgement
045045044038038038035035035030030030047047046039039040036036036035035035045045044056056056047047046030030030031031031035035035 sending another frame 0.1327378749847412
waiting for acknowledgement
045045044038038038035035035030030030047047046039039040036036036035035035045045044056056056047047046030030030031031031035035035 sending another frame 0.1329798698425293
waiting for acknowledgement
045045044038038038035035035030030030047047046039039040036036036035035035045045044056056056047047046030030030031031031035035035 sending another frame 0.1328597068786621
waiting for acknowledgement
045045044038038038035035035030030030047047046039039040036036036035035035045045044056056056047047046030030030031031031035035035 sending another frame 0.13289117813110352
waiting for acknowledgement
045045044038038038035035035030030030047047046039039040036036036035035035045045044056056056047047046030030030031031031035035035 sending another frame 0.1329665184020996
waiting for acknowledgement
045045044038038038035035035030030030047047046039039040036036036035035035045045044056056056047047046030030030031031031035035035 sending another frame 0.13286709785461426
waiting for acknowledgement
045045044038038038035035035030030030047047046039039040036036036035035035045045044056056056047047046030030030031031031035035035 sending another frame 0.13294720649719238
waiting for acknowledgement
045045044038038038035035035030030030047047046039039040036036036035035035045045044056056056047047046030030030031031031035035035 sending another frame 0.1327981948852539
waiting for acknowledgement
045045044038038038035035035030030030047047046039039040036036036035035035045045044056056056047047046030030030031031031035035035 sending another frame 0.1327531337738037
waiting for acknowledgement
045045044038038038035035035030030030047047046039039040036036036035035035045045044056056056047047046030030030031031031035035035 sending another frame 0.1329953670501709
waiting for acknowledgement
045045044038038038035035035030030030047047046039039040036036036035035035045045044056056056047047046030030030031031031035035035 sending another frame 0.13291215896606445
waiting for acknowledgement
045045044038038038035035035030030030047047046039039040036036036035035035045045044056056056047047046030030030031031031035035035 sending another frame 0.13280153274536133
waiting for acknowledgement
045045044038038038035035035030030030047047046039039040036036036035035035045045044056056056047047046030030030031031031035035035 sending another frame 0.1328415870666504
waiting for acknowledgement
045045044038038038035035035030030030047047046039039040036036036035035035045045044056056056047047046030030030031031031035035035 sending another frame 0.13288331031799316
waiting for acknowledgement
045045044038038038035035035030030030047047046039039040036036036035035035045045044056056056047047046030030030031031031035035035 sending another frame 0.1329481601715088
waiting for acknowledgement
045045044038038038035035035030030030047047046039039040036036036035035035045045044056056056047047046030030030031031031035035035 sending another frame 0.13289475440979004
waiting for acknowledgement
045045044038038038035035035030030030047047046039039040036036036035035035045045044056056056047047046030030030031031031035035035 sending another frame 0.1328575611114502
waiting for acknowledgement
045045044038038038035035035030030030047047046039039040036036036035035035045045044056056056047047046030030030031031031035035035 sending another frame 0.1330256462097168
waiting for acknowledgement
045045044038038038035035035030030030047047046039039040036036036035035035045045044056056056047047046030030030031031031035035035 sending another frame 0.13270211219787598
waiting for acknowledgement
045045044038038038035035035030030030047047046039039040036036036035035035045045044056056056047047046030030030031031031035035035 sending another frame 0.13290953636169434
waiting for acknowledgement
045045044038038038035035035030030030047047046039039040036036036035035035045045044056056056047047046030030030031031031035035035 sending another frame 0.13297510147094727
waiting for acknowledgement
045045044038038038035035035030030030047047046039039040036036036035035035045045044056056056047047046030030030031031031035035035 sending another frame 0.13279175758361816
waiting for acknowledgement
045045044038038038035035035030030030047047046039039040036036036035035035045045044056056056047047046030030030031031031035035035 sending another frame 0.13280296325683594
waiting for acknowledgement
045045044038038038035035035030030030047047046039039040036036036035035035045045044056056056047047046030030030031031031035035035 sending another frame 0.1328592300415039
waiting for acknowledgement
045045044038038038035035035030030030047047046039039040036036036035035035045045044056056056047047046030030030031031031035035035 sending another frame 0.13304591178894043
waiting for acknowledgement
045045044038038038035035035030030030047047046039039040036036036035035035045045044056056056047047046030030030031031031035035035 sending another frame 0.1329174041748047
waiting for acknowledgement
045045044038038038035035035030030030047047046039039040036036036035035035045045044056056056047047046030030030031031031035035035 sending another frame 0.13275480270385742
waiting for acknowledgement
045045044038038038035035035030030030047047046039039040036036036035035035045045044056056056047047046030030030031031031035035035 sending another frame 0.1327805519104004
waiting for acknowledgement
045045044038038038035035035030030030047047046039039040036036036035035035045045044056056056047047046030030030031031031035035035 sending another frame 0.1328892707824707
waiting for acknowledgement
045045044038038038035035035030030030047047046039039040036036036035035035045045044056056056047047046030030030031031031035035035 sending another frame 0.1328873634338379
waiting for acknowledgement
045045044038038038035035035030030030047047046039039040036036036035035035045045044056056056047047046030030030031031031035035035 sending another frame 0.13302373886108398
waiting for acknowledgement
045045044038038038035035035030030030047047046039039040036036036035035035045045044056056056047047046030030030031031031035035035 sending another frame 0.1328582763671875
waiting for acknowledgement
045045044038038038035035035030030030047047046039039040036036036035035035045045044056056056047047046030030030031031031035035035 sending another frame 0.1329336166381836
waiting for acknowledgement
045045044038038038035035035030030030047047046039039040036036036035035035045045044056056056047047046030030030031031031035035035 sending another frame 0.1327226161956787
waiting for acknowledgement
045045044038038038035035035030030030047047046039039040036036036035035035045045044056056056047047046030030030031031031035035035 sending another frame 0.13289546966552734
waiting for acknowledgement
045045044038038038035035035030030030047047046039039040036036036035035035045045044056056056047047046030030030031031031035035035 sending another frame 0.1330127716064453
waiting for acknowledgement
045045044038038038035035035030030030047047046039039040036036036035035035045045044056056056047047046030030030031031031035035035 sending another frame 0.13277316093444824
waiting for acknowledgement
045045044038038038035035035030030030047047046039039040036036036035035035045045044056056056047047046030030030031031031035035035 sending another frame 0.13300323486328125
waiting for acknowledgement
045045044038038038035035035030030030047047046039039040036036036035035035045045044056056056047047046030030030031031031035035035 sending another frame 0.13277220726013184
waiting for acknowledgement
045045044038038038035035035030030030047047046039039040036036036035035035045045044056056056047047046030030030031031031035035035 sending another frame 0.1329965591430664
waiting for acknowledgement
045045044038038038035035035030030030047047046039039040036036036035035035045045044056056056047047046030030030031031031035035035 sending another frame 0.13292932510375977
waiting for acknowledgement
045045044038038038035035035030030030047047046039039040036036036035035035045045044056056056047047046030030030031031031035035035 sending another frame 0.13285303115844727
waiting for acknowledgement
045045044038038038035035035030030030047047046039039040036036036035035035045045044056056056047047046030030030031031031035035035 sending another frame 0.13284897804260254
waiting for acknowledgement
045045044038038038035035035030030030047047046039039040036036036035035035045045044056056056047047046030030030031031031035035035 sending another frame 0.13300585746765137
waiting for acknowledgement
045045044038038038035035035030030030047047046039039040036036036035035035045045044056056056047047046030030030031031031035035035 sending another frame 0.13286185264587402
waiting for acknowledgement
045045044038038038035035035030030030047047046039039040036036036035035035045045044056056056047047046030030030031031031035035035 sending another frame 0.13286948204040527
waiting for acknowledgement
045045044038038038035035035030030030047047046039039040036036036035035035045045044056056056047047046030030030031031031035035035 sending another frame 0.13282060623168945
waiting for acknowledgement
045045044038038038035035035030030030047047046039039040036036036035035035045045044056056056047047046030030030031031031035035035 sending another frame 0.1327812671661377
waiting for acknowledgement
045045044038038038035035035030030030047047046039039040036036036035035035045045044056056056047047046030030030031031031035035035 sending another frame 0.1330091953277588
waiting for acknowledgement
045045044038038038035035035030030030047047046039039040036036036035035035045045044056056056047047046030030030031031031035035035 sending another frame 0.132765531539917
waiting for acknowledgement
045045044038038038035035035030030030048047047039039040036036036035035035045045044056056056048047047030030030031031031035035035 sending another frame 0.13285255432128906
waiting for acknowledgement
045045044038038038035035035030030030048047046040039040036036036035035035045045044056056056048047046030030030031031031035035035 sending another frame 0.1330113410949707
waiting for acknowledgement
045045044038038038035035035030030030048047046040039040036036036035035035045045044056056056048047046030030030031031031035035035 sending another frame 0.13278484344482422
waiting for acknowledgement
045045044038038038035035035030030030048047046040039040036036036035035035045045044056056056048047046030030030031031031035035035 sending another frame 0.1330103874206543
waiting for acknowledgement
045045044038038038035035035030030030048047047039039040036036036035035035045045044056056056048047047030030030031031031035035035 sending another frame 0.1326608657836914
waiting for acknowledgement
045045044038038038035035035030030030048047047039039040036036036035035035045045044056056056048047047030030030031031031035035035 sending another frame 0.13294005393981934
waiting for acknowledgement
045045044038038038035035035030030030048047047039039040036036036035035035045045044056056056048047047030030030031031031035035035 sending another frame 0.13278412818908691
waiting for acknowledgement
045045044038038038035035035030030030048047047039039040036036036035035035045045044056056056048047046030030030031031031035035035 sending another frame 0.1330699920654297
waiting for acknowledgement
045045044038038038035035035030030030048047046039039040036036036035035035045045044056056056048047046030030030031031031035035035 sending another frame 0.1328439712524414
waiting for acknowledgement
045045044038038038035035035030030030048047046039039040036036036035035035045045044056056056047047046030030030031031031035035035 sending another frame 0.1327989101409912
waiting for acknowledgement
045045044038038038035035035030030030048047046039039040036036036035035035045045044056056056047047046030030030031031031035035035 sending another frame 0.13284635543823242
waiting for acknowledgement
045045044038038038035035035030030030047047046039039040036036036035035035045045044056056056047047046030030030031031031035035035 sending another frame 0.13302135467529297
waiting for acknowledgement
045045044038038038035035035030030030047047046039039040036036036035035035045045044056056056047047046030030030031031031035035035 sending another frame 0.13276982307434082
waiting for acknowledgement
045045044038038038035035035030030030047047046039039040036036036035035035045045044056056056047047046030030030031031031035035035 sending another frame 0.13287782669067383
waiting for acknowledgement
045045044038038038035035035030030030047047046039039040036036036035035035045045044056056056047047046030030030031031031035035035 sending another frame 0.13287019729614258
waiting for acknowledgement
045045044038038038035035035030030030047047046039039040036036036035035035045045044056056056047047046030030030031031031035035035 sending another frame 0.13297557830810547
waiting for acknowledgement
045045044038038038035035035030030030047047046039039040036036036035035035045045044056056056047047046030030030031031031035035035 sending another frame 0.13284635543823242
waiting for acknowledgement
045045044038038038035035035030030030047047046039039040036036036035035035045045044056056056047047046030030030031031031035035035 sending another frame 0.13293790817260742
waiting for acknowledgement
045045044038038038035035035030030030047047046039039040036036036035035035045045044056056056047047046030030030031031031035035035 sending another frame 0.13273859024047852
waiting for acknowledgement
045045044038038038035035035030030030047047046039039040036036036035035035045045044056056056047047046030030030031031031035035035 sending another frame 0.13303136825561523
waiting for acknowledgement
045045044038038038035035035030030030047047046039039040036036036035035035045045044056056056047047046030030030031031031035035035 sending another frame 0.13293790817260742
waiting for acknowledgement
048048048043043043031031031030030030052052052049049049044044044044044044048048048052052052052052052030030030036036036044044044 sending another frame 0.1329028606414795
waiting for acknowledgement
048048048043043043031031031030030030052052052049049049044044044044044044048048048052052052052052052030030030036036036044044044 sending another frame 0.13301873207092285
waiting for acknowledgement
048048048043043043031031031030030030052052052049049049044044044044044044048048048052052052052052052030030030036036036044044044 sending another frame 0.13265204429626465
waiting for acknowledgement
048048048043043043031031031030030030052052052049049049044044044044044044048048048052052052052052052030030030036036036044044044 sending another frame 0.13289332389831543
waiting for acknowledgement
048048048043043043031031031030030030052052052049049049044044044044044044048048048052052052052052052030030030036036036044044044 sending another frame 0.13296079635620117
waiting for acknowledgement
048048048043043043031031031030030030052052052049049049044044044044044044048048048052052052052052052030030030036036036044044044 sending another frame 0.1329188346862793
waiting for acknowledgement
048048048043043043031031031030030030052052052049049049044044044044044044048048048052052052052052052030030030036036036044044044 sending another frame 0.13280034065246582
waiting for acknowledgement
048048048043043043031031031030030030052052052049049049044044044044044044048048048052052052052052052030030030036036036044044044 sending another frame 0.1327953338623047
waiting for acknowledgement
048048048043043043031031031030030030052052052049049049044044044044044044048048048052052052052052052030030030036036036044044044 sending another frame 0.13294339179992676
waiting for acknowledgement
048048048043043043031031031030030030052052052049049049044044044044044044048048048052052052052052052030030030036036036044044044 sending another frame 0.13288283348083496
waiting for acknowledgement
050050050052052052047047047045045045053053053044044044031031031031031031050050050055055055053053053045045045049049049031031031 sending another frame 0.13302111625671387
waiting for acknowledgement
049049049050050050045045045044044044053053053048048048037037037036036036049049049056056056053053053044044044048048048036036036 sending another frame 0.13272857666015625
waiting for acknowledgement
048048048046046046039039039035035035055055055054054054051051051048048048048048048053053053055055055035035035051051051048048048 sending another frame 0.13301396369934082
waiting for acknowledgement
048048048044044044032032032030030030054054054054054054048048048047047047048048048053053053054054054030030030049049049047047047 sending another frame 0.13279986381530762
waiting for acknowledgement
048048048042042042031031031030030030053053053048048048038038038035035035048048048052052052053053053030030030031031031035035035 sending another frame 0.13289260864257812
waiting for acknowledgement
048048048044044044034034034031031031053053053045045045031031031031031031048048048053053053053053053031031031031031031031031031 sending another frame 0.13280391693115234
waiting for acknowledgement
045045045039039039032032032030030030053053053044044044031031031031031031045045045052052052053053053030030030033033033031031031 sending another frame 0.1330721378326416
waiting for acknowledgement
045045045042042042033033033031031031053053053048048048035035035032032032045045045051051051053053053031031031032032032032032032 sending another frame 0.1327521800994873
waiting for acknowledgement
045045045039039039031031031030030030052052052046046046037037037033033033045045045049049049052052052030030030031031031033033033 sending another frame 0.13282036781311035
waiting for acknowledgement
045045045040040040031031031030030030050050050041041041033033033031031031045045045049049049050050050030030030031031031031031031 sending another frame 0.13289713859558105
waiting for acknowledgement
045045045039039039031031031030030030049049049043043043032032032031031031045045045049049049049049049030030030031031031031031031 sending another frame 0.13293123245239258
waiting for acknowledgement
045045045039039039031031031030030030049049049041041041031031031031031031045045045049049049049049049030030030031031031031031031 sending another frame 0.1328880786895752
waiting for acknowledgement
045045045038038038031031031030030030049049049040040040031031031031031031045045045049049049049049049030030030031031031031031031 sending another frame 0.1328754425048828
waiting for acknowledgement
045045045036036036031031031030030030049049049040040040031031031031031031045045045049049049049049049030030030031031031031031031 sending another frame 0.13295459747314453
waiting for acknowledgement
045045045037037037031031031030030030049049049040040040031031031031031031045045045049049049049049049030030030031031031031031031 sending another frame 0.13280081748962402
waiting for acknowledgement
045045045037037037031031031030030030049049049037037037031031031031031031045045045049049049049049049030030030031031031031031031 sending another frame 0.13277411460876465
waiting for acknowledgement
045045045035035035031031031030030030049049049037037037031031031031031031045045045049049049049049049030030030031031031031031031 sending another frame 0.13299560546875
waiting for acknowledgement
045045045035035035031031031030030030049049049037037037031031031031031031045045045049049049049049049030030030031031031031031031 sending another frame 0.13275957107543945
waiting for acknowledgement
045045045036036036031031031030030030049049049036036036031031031031031031045045045049049049049049049030030030031031031031031031 sending another frame 0.13295650482177734
waiting for acknowledgement
045045045036036036031031031030030030049049049036036036031031031031031031045045045049049049049049049030030030031031031031031031 sending another frame 0.132857084274292
waiting for acknowledgement
044044044036036036031031031030030030049049049037037037031031031031031031044044044049049049049049049030030030031031031031031031 sending another frame 0.1328599452972412
waiting for acknowledgement
044044044036036036031031031030030030048048048037037037031031031031031031044044044048048048048048048030030030031031031031031031 sending another frame 0.13296294212341309
waiting for acknowledgement
044044044036036036031031031030030030049049049037037037031031031031031031044044044048048048049049049030030030031031031031031031 sending another frame 0.13282036781311035
waiting for acknowledgement
044044044037037037031031031030030030048048048036036036031031031031031031044044044048048048048048048030030030031031031031031031 sending another frame 0.13301801681518555
waiting for acknowledgement
044043043036036036032032032030030030048048048037037037031031031031031031044043043050050050048048048030030030035035035031031031 sending another frame 0.1329972743988037
waiting for acknowledgement
044043043036036036032032032030030030048048048037037037031031031031031031044043043050050050048048048030030030035035035031031031 sending another frame 0.13267159461975098
waiting for acknowledgement
049049049044044044040040040030030030051050050041041041036036036035035035049049049050050049051050050030030030031031031035035035 sending another frame 0.13295722007751465
waiting for acknowledgement
049049049044044044040040040030030030051050050041041041036036036035035035049049049050050049051050050030030030031031031035035035 sending another frame 0.13298296928405762
waiting for acknowledgement
049049049044044044040040040030030030051050050041041041036036036035035035049049049050050049051050050030030030031031031035035035 sending another frame 0.1328573226928711
waiting for acknowledgement
049049049044044044040040040030030030051050050041041041036036036035035035049049049050050049051050050030030030031031031035035035 sending another frame 0.13287615776062012
waiting for acknowledgement
049049049044044044040040040030030030051050050041041041036036036035035035049049049050050049051050050030030030031031031035035035 sending another frame 0.13279223442077637
waiting for acknowledgement
049049049044044044040040040030030030051050050041041041036036036035035035049049049050050049051050050030030030031031031035035035 sending another frame 0.13287639617919922
waiting for acknowledgement
049049049044044044040040040030030030051050050041041041036036036035035035049049049050050049051050050030030030031031031035035035 sending another frame 0.1329665184020996
waiting for acknowledgement
049049049044044044040040040030030030051050050041041041036036036035035035049049049050050049051050050030030030031031031035035035 sending another frame 0.13292717933654785
waiting for acknowledgement
049049049044044044040040040030030030051050050041041041036036036035035035049049049050050049051050050030030030031031031035035035 sending another frame 0.13287901878356934
waiting for acknowledgement
049049049044044044040040040030030030051050050041041041036036036035035035049049049050050049051050050030030030031031031035035035 sending another frame 0.13278889656066895
waiting for acknowledgement
049049049042042042036036036030030030048048048037037037031031031031031031049049049049049048048048048030030030035035035031031031 sending another frame 0.1328582763671875
waiting for acknowledgement
045045044038038039036036036034034034048048048036036036031031031031031031045045044048048048048048048034034034031031031031031031 sending another frame 0.13309335708618164
waiting for acknowledgement
046046046039039039036036036034034034048048048037037037031031031031031031046046046048048048048048048034034034031031031031031031 sending another frame 0.1327371597290039
waiting for acknowledgement
046046046039039039036036036034034034048048048037037037031031031031031031046046046048048048048048048034034034031031031031031031 sending another frame 0.13278746604919434
waiting for acknowledgement
046046046039039039036036036034034034048048048037037037031031031031031031046046046048048048048048048034034034031031031031031031 sending another frame 0.13285350799560547
waiting for acknowledgement
044044044036036036031031031030030030048048048036036036031031031031031031044044044048048048048048048030030030031031031031031031 sending another frame 0.13293886184692383
waiting for acknowledgement
044044044036036036031031031030030030048048048037037037031031031031031031044044044048048048048048048030030030031031031031031031 sending another frame 0.1329798698425293
waiting for acknowledgement
044044044036036036031031031030030030048048048037037037031031031031031031044044044048048048048048048030030030031031031031031031 sending another frame 0.13283681869506836
waiting for acknowledgement
044044044036036036031031031030030030049049049037037037031031031031031031044044044048048048049049049030030030031031031031031031 sending another frame 0.13284540176391602
waiting for acknowledgement
044044044036036036031031031030030030049049049037037037031031031031031031044044044048048048049049049030030030031031031031031031 sending another frame 0.1329178810119629
waiting for acknowledgement
045045045036036036031031031030030030049049049036036036031031031031031031045045045049049049049049049030030030031031031031031031 sending another frame 0.13300228118896484
waiting for acknowledgement
045045045036036036031031031030030030049049049036036036031031031031031031045045045049049049049049049030030030031031031031031031 sending another frame 0.13288164138793945
waiting for acknowledgement
045045045036036036031031031030030030049049049036036036031031031031031031045045045049049049049049049030030030031031031031031031 sending another frame 0.1327497959136963
waiting for acknowledgement
045045045036036036031031031030030030049049049037037037031031031031031031045045045049049049049049049030030030031031031031031031 sending another frame 0.13282299041748047
waiting for acknowledgement
045045045036036036031031031030030030049049049037037037031031031031031031045045045049049049049049049030030030031031031031031031 sending another frame 0.13296747207641602
waiting for acknowledgement
045045045035035035031031031030030030049049049038038038031031031031031031045045045049049049049049049030030030031031031031031031 sending another frame 0.132979154586792
waiting for acknowledgement
045045045035035035031031031030030030049049049038038038031031031031031031045045045049049049049049049030030030031031031031031031 sending another frame 0.13277125358581543
waiting for acknowledgement
045045045036036036031031031030030030049049049036036036031031031031031031045045045049049049049049049030030030031031031031031031 sending another frame 0.1329195499420166
waiting for acknowledgement
045045045037037037031031031030030030049049049039039039031031031031031031045045045049049049049049049030030030031031031031031031 sending another frame 0.1329331398010254
waiting for acknowledgement
045045045037037037031031031030030030049049049039039039031031031031031031045045045049049049049049049030030030031031031031031031 sending another frame 0.1328132152557373
waiting for acknowledgement
045045045038038038031031031030030030049049049040040040031031031031031031045045045049049049049049049030030030031031031031031031 sending another frame 0.13290619850158691
waiting for acknowledgement
045045045038038038031031031030030030049049049040040040031031031031031031045045045049049049049049049030030030031031031031031031 sending another frame 0.13285160064697266
waiting for acknowledgement
045045045038038038031031031030030030049049049041041041031031031031031031045045045049049049049049049030030030031031031031031031 sending another frame 0.13288307189941406
waiting for acknowledgement
045045045038038038031031031030030030049049049042042042032032032031031031045045045049049049049049049030030030031031031031031031 sending another frame 0.13274765014648438
waiting for acknowledgement
045045045038038038031031031030030030049049049042042042032032032031031031045045045049049049049049049030030030031031031031031031 sending another frame 0.13287067413330078
waiting for acknowledgement
045045045041041041033033033031031031053053053049049049037037037033033033045045045049049049053053053031031031031031031033033033 sending another frame 0.13292169570922852
waiting for acknowledgement
045045045041041041033033033031031031053053053049049049037037037033033033045045045049049049053053053031031031031031031033033033 sending another frame 0.13278985023498535
waiting for acknowledgement
045045045041041041033033033031031031053053053046046046033033033031031031045045045051051051053053053031031031032032032031031031 sending another frame 0.13292860984802246
waiting for acknowledgement
048048048046046046037037037033033033053053053047047047032032032031031031048048048053053053053053053033033033031031031031031031 sending another frame 0.1330111026763916
waiting for acknowledgement
048048048046046046037037037033033033053053053047047047032032032031031031048048048053053053053053053033033033031031031031031031 sending another frame 0.13299202919006348
waiting for acknowledgement
048048048044044044032032032030030030054054054054054054048048048047047047048048048053053053054054054030030030049049049047047047 sending another frame 0.13271427154541016
waiting for acknowledgement
048048048044044044032032032030030030054054054054054054048048048047047047048048048053053053054054054030030030049049049047047047 sending another frame 0.1328601837158203
waiting for acknowledgement
048048048046046046039039039035035035055055055054054054051051051048048048048048048053053053055055055035035035051051051048048048 sending another frame 0.13300776481628418
waiting for acknowledgement
048048048053053053050050050048048048054054054056056056051051051047047047048048048055055055054054054048048048047047047047047047 sending another frame 0.13290023803710938
waiting for acknowledgement
048048048053053053050050050048048048054054054056056056051051051047047047048048048055055055054054054048048048047047047047047047 sending another frame 0.13289427757263184
waiting for acknowledgement
048048048053053053050050050048048048054054054056056056051051051047047047048048048055055055054054054048048048047047047047047047 sending another frame 0.13276433944702148
waiting for acknowledgement
048048048043043043031031031030030030053053052049049049044044044044044044048048048052052052053052052030030030036036036044044044 sending another frame 0.1328890323638916
waiting for acknowledgement
048048048043043043031031031030030030053053052049049049044044044044044044048048048052052052053052052030030030036036036044044044 sending another frame 0.13288402557373047
waiting for acknowledgement
048048048043043043031031031030030030053053052049049049044044044044044044048048048052052052053052052030030030036036036044044044 sending another frame 0.13283848762512207
waiting for acknowledgement
048048048043043043031031031030030030053053052049049049044044044044044044048048048052052052053052052030030030036036036044044044 sending another frame 0.13300299644470215
waiting for acknowledgement
048048048043043043031031031030030030053053052049049049044044044044044044048048048052052052053052052030030030036036036044044044 sending another frame 0.1327648162841797
waiting for acknowledgement
048048048043043043031031031030030030053053052049049049044044044044044044048048048052052052053052052030030030036036036044044044 sending another frame 0.13289380073547363
waiting for acknowledgement
047048051042043045030032034029030033053053052049049049044044044044044044047048051052052052053052052029030033036036036044044044 sending another frame 0.13305950164794922
waiting for acknowledgement
045048054040043048029032037028031036053053052049049049044044044044044044045048054052052052053052052028031036036036036044044044 sending another frame 0.13268566131591797
waiting for acknowledgement
047048050042043045031032034029030032053053052049049049044044044044044044047048050052052052053052052029030032036036036044044044 sending another frame 0.1328413486480713
waiting for acknowledgement
048048048042043043031031032030030030052052052047047047043043043043043043048048048052052052052052051030030030037037037043043043 sending another frame 0.13298416137695312
waiting for acknowledgement
048048048043043043031031031030030030052052052047047047043043043043043043048048048052052052052052051030030030037037037043043043 sending another frame 0.13282537460327148
waiting for acknowledgement
048048048043043043031031031030030030052052052047047047043043043043043043048048048052052052052052052030030030037037037043043043 sending another frame 0.13285136222839355
waiting for acknowledgement
048048048043043043031031031030030030052052052047047047043043043043043043048048048052052052052052052030030030037037037043043043 sending another frame 0.13279247283935547
waiting for acknowledgement
048048048043043043031031031030030030052052052047047047043043043043043043048048048052052052052052052030030030037037037043043043 sending another frame 0.1329047679901123
waiting for acknowledgement
048048048043043043031031031030030030053052052047047047043043043043043043048048048052052052053052052030030030037037037043043043 sending another frame 0.13301420211791992
waiting for acknowledgement
048048048043043043031031031030030030053052052047047047043043043043043043048048048052052052053052052030030030037037037043043043 sending another frame 0.13277149200439453
waiting for acknowledgement
048048048043043043031031031030030030053052052047047047043043043043043043048048048052052052053052052030030030037037037043043043 sending another frame 0.13289904594421387
waiting for acknowledgement
048048048039039039031031031030030030052052051046046047042042043042042042048048048053053053052052051030030030043043043042042042 sending another frame 0.13292956352233887
waiting for acknowledgement
048048048039039039031031031030030030052052051046046047042042043042042042048048048053053053052052051030030030043043043042042042 sending another frame 0.13291096687316895
waiting for acknowledgement
048048048039039039031031031030030030052052051046046047042042043042042042048048048053053053052052051030030030043043043042042042 sending another frame 0.13291454315185547
waiting for acknowledgement
048048048039039039031031031030030030052052051046046047042042043042042042048048048053053053052052051030030030043043043042042042 sending another frame 0.13287997245788574
waiting for acknowledgement
048048048039039039031031031030030030052052051046046047042042043042042042048048048053053053052052051030030030043043043042042042 sending another frame 0.13298892974853516
waiting for acknowledgement
048048048039039039031031031030030030052052051046046047042042043042042042048048048053053053052052051030030030043043043042042042 sending another frame 0.13286256790161133
waiting for acknowledgement
048048048039039039031031031030030030052052051046046047042042043042042042048048048053053053052052051030030030043043043042042042 sending another frame 0.13281893730163574
waiting for acknowledgement
048048048039039039031031031030030030052052051046046047042042043042042042048048048053053053052052051030030030043043043042042042 sending another frame 0.13292193412780762
waiting for acknowledgement
048048048039039039031031031030030030052052051046046047042042043042042042048048048053053053052052051030030030043043043042042042 sending another frame 0.1327650547027588
waiting for acknowledgement
048048048039039039031031031030030030052052051046046047042042043042042042048048048053053053052052051030030030043043043042042042